商品	订单号	订单状态	商品总价(元)	邮费(元)	店铺优惠折扣(元)	平台优惠折扣(元)	多多支付立减金额(元)	用户实付金额(元)	商家实收金额(元)	商品数量(件)	发货时间	确认收货时间	商品id	商品规格	样式ID	商家备注	售后状态	快递单号	快递公司	订单成交时间
莱特5本36页牛皮学生作业本16K学校统一语文练习本小学汉语拼音本	240530-117167920753189	待发货	"4.5	"	"0.0	"	"0.0	"	"0.0	"	"0.0	"	"4.5	"	"4.5	"	"1	"	"	"	"	"	"609881478958	"	16K作文本300格(5本)	"1599890404771	"	"	"	无售后或售后取消	"	"	"	"	2024/5/30 10:41
莱特5本36页牛皮学生作业本16K学校统一语文练习本小学汉语拼音本	240530-391480686811748	待发货	"18.0	"	"0.0	"	"1.8	"	"1.94	"	"0.0	"	"14.26	"	"16.2	"	"4	"	"	"	"	"	"609881478958	"	16K英语本(5本)	"1599890404776	"	"	"	无售后或售后取消	"	"	"	"	2024/5/30 10:38
莱特5本36页牛皮学生作业本16K学校统一语文练习本小学汉语拼音本	240530-185094653613361	待发货	"4.5	"	"0.0	"	"0.0	"	"0.0	"	"0.0	"	"4.5	"	"4.5	"	"1	"	"	"	"	"	"609881478958	"	16K练习本(5本)	"1599890404782	"	"	"	无售后或售后取消	"	"	"	"	2024/5/30 10:35
莱特5本36页牛皮学生作业本16K学校统一语文练习本小学汉语拼音本	240530-210239506011748	待发货	"9.0	"	"0.0	"	"0.9	"	"0.97	"	"0.0	"	"7.13	"	"8.1	"	"2	"	"	"	"	"	"609881478958	"	16K方格语文本(5本)	"1599890404773	"	用户备注：拍错了，改为作文本。	无售后或售后取消	"	"	"	"	2024/5/30 10:31
莱特5本36页牛皮学生作业本16K学校统一语文练习本小学汉语拼音本	240530-487357191860247	待发货	"4.5	"	"0.0	"	"0.0	"	"0.0	"	"0.0	"	"4.5	"	"4.5	"	"1	"	"	"	"	"	"609881478958	"	16K练习本(5本)	"1599890404782	"	"	"	无售后或售后取消	"	"	"	"	2024/5/30 10:30
莱特5本36页牛皮学生作业本16K学校统一语文练习本小学汉语拼音本	240530-538391375540247	未发货，退款成功	"4.5	"	"0.0	"	"0.0	"	"0.0	"	"0.0	"	"4.5	"	"4.5	"	"1	"	"	"	"	"	"609881478958	"	16K练习本(5本)	"1599890404782	"	"	"	退款成功	"	"	"	"	2024/5/30 10:27
莱特5本36页牛皮学生作业本16K学校统一语文练习本小学汉语拼音本	240530-201840453831973	已取消	"9.0	"	"0.0	"	"0.9	"	"3.0	"	"0.0	"	"5.1	"	"8.1	"	"2	"	"	"	"	"	"609881478958	"	16K纠错本(5本)	"1599890404783	"	"	"	无售后或售后取消	"	"	"	"	"	"
莱特5本36页牛皮学生作业本16K学校统一语文练习本小学汉语拼音本	240530-666055524551973	待付款	"9.0	"	"0.0	"	"0.9	"	"0.0	"	"0.0	"	"8.1	"	"8.1	"	"2	"	"	"	"	"	"609881478958	"	16K书法本(田字格5本)	"1599890404774	"	"	"	无售后或售后取消	"	"	"	"	"	"
莱特5本36页牛皮学生作业本16K学校统一语文练习本小学汉语拼音本	240530-011073011911973	待付款	"9.0	"	"0.0	"	"0.9	"	"0.0	"	"0.0	"	"8.1	"	"8.1	"	"2	"	"	"	"	"	"609881478958	"	16K书法本(米字格5本)	"1599890404775	"	"	"	无售后或售后取消	"	"	"	"	"	"
莱特5本36页牛皮学生作业本16K学校统一语文练习本小学汉语拼音本	240530-651270592071973	已发货，待收货	"9.0	"	"0.0	"	"0.9	"	"1.0	"	"0.0	"	"7.1	"	"8.1	"	"2	"	2024/5/30 10:19	"	"	"609881478958	"	16K纠错本(5本)	"1599890404783	"	"	"	无售后或售后取消	"777218522319242	"	申通快递	2024/5/30 9:26
莱特5本36页牛皮学生作业本16K学校统一语文练习本小学汉语拼音本	240530-307211804231973	未发货，退款成功	"9.0	"	"0.0	"	"0.9	"	"3.0	"	"0.0	"	"5.1	"	"8.1	"	"2	"	"	"	"	"	"609881478958	"	16K练习本(5本)	"1599890404782	"	"	"	退款成功	"	"	"	"	2024/5/30 9:25
莱特5本36页牛皮学生作业本16K学校统一语文练习本小学汉语拼音本	240530-635898478923932	已发货，待收货	"4.5	"	"0.0	"	"0.0	"	"0.0	"	"0.0	"	"4.5	"	"4.5	"	"1	"	2024/5/30 10:19	"	"	"609881478958	"	16K田字本(5本)	"1599890404778	"	"	"	无售后或售后取消	"777218522323496	"	申通快递	2024/5/30 9:14
莱特5本36页牛皮学生作业本16K学校统一语文练习本小学汉语拼音本	240530-654783301323932	待付款	"4.5	"	"0.0	"	"0.0	"	"0.0	"	"0.0	"	"4.5	"	"4.5	"	"1	"	"	"	"	"	"609881478958	"	16K田字本(5本)	"1599890404778	"	"	"	无售后或售后取消	"	"	"	"	"	"
莱特10本装16K学生防近视作业本学校统一英语作业本初中笔记本	240530-003596685443677	已发货，待收货	"29.4	"	"0.0	"	"2.94	"	"0.0	"	"0.0	"	"26.46	"	"26.46	"	"2	"	2024/5/30 10:19	"	"	"613582632742	"	英语本(10本)	"1597127331050	"	"	"	无售后或售后取消	"777218522319930	"	申通快递	2024/5/30 8:49
莱特5本36页牛皮学生作业本16K学校统一语文练习本小学汉语拼音本	240530-413139003773401	待付款	"4.5	"	"0.0	"	"0.0	"	"0.0	"	"0.0	"	"4.5	"	"4.5	"	"1	"	"	"	"	"	"609881478958	"	16K作文本300格(5本)	"1599890404771	"	"	"	无售后或售后取消	"	"	"	"	"	"
莱特5本36页牛皮学生作业本16K学校统一语文练习本小学汉语拼音本	240530-356835705121228	已发货，待收货	"9.0	"	"0.0	"	"0.9	"	"0.0	"	"0.0	"	"8.1	"	"8.1	"	"2	"	2024/5/30 10:19	"	"	"609881478958	"	16K方格语文本(5本)	"1599890404773	"	5本语文，5本英语	无售后或售后取消	"777218522320297	"	申通快递	2024/5/30 8:05
莱特5本36页牛皮学生作业本16K学校统一语文练习本小学汉语拼音本	240530-034760343841228	已发货，待收货	"9.0	"	"0.0	"	"0.9	"	"0.0	"	"0.0	"	"8.1	"	"8.1	"	"2	"	2024/5/30 10:19	"	"	"609881478958	"	16K单线数学本(5本)	"1599890404780	"	"	"	无售后或售后取消	"777218522320297	"	申通快递	2024/5/30 8:03
莱特5本36页牛皮学生作业本16K学校统一语文练习本小学汉语拼音本	240530-635898447431973	待付款	"9.0	"	"0.0	"	"0.9	"	"0.0	"	"0.0	"	"8.1	"	"8.1	"	"2	"	"	"	"	"	"609881478958	"	16K田字本(5本)	"1599890404778	"	"	"	无售后或售后取消	"	"	"	"	"	"
莱特5本36页牛皮学生作业本16K学校统一语文练习本小学汉语拼音本	240530-421150082631973	待付款	"9.0	"	"0.0	"	"0.9	"	"0.0	"	"0.0	"	"8.1	"	"8.1	"	"2	"	"	"	"	"	"609881478958	"	16K方格语文本(5本)	"1599890404773	"	"	"	无售后或售后取消	"	"	"	"	"	"
莱特5本36页牛皮学生作业本16K学校统一语文练习本小学汉语拼音本	240530-249351390791973	待付款	"9.0	"	"0.0	"	"0.9	"	"0.0	"	"0.0	"	"8.1	"	"8.1	"	"2	"	"	"	"	"	"609881478958	"	16K生字本(5本)	"1599890404781	"	"	"	无售后或售后取消	"	"	"	"	"	"
莱特5本36页牛皮学生作业本16K学校统一语文练习本小学汉语拼音本	240530-077552698951973	待付款	"9.0	"	"0.0	"	"0.9	"	"0.0	"	"0.0	"	"8.1	"	"8.1	"	"2	"	"	"	"	"	"609881478958	"	16K练习本(5本)	"1599890404782	"	"	"	无售后或售后取消	"	"	"	"	"	"
莱特5本36页牛皮学生作业本16K学校统一语文练习本小学汉语拼音本	240530-233884946840744	已发货，待收货	"9.0	"	"0.0	"	"0.9	"	"0.0	"	"0.0	"	"8.1	"	"8.1	"	"2	"	2024/5/30 10:19	"	"	"609881478958	"	16K田字本(5本)	"1599890404778	"	"	"	无售后或售后取消	"777218522319096	"	申通快递	2024/5/30 7:17
莱特5本36页牛皮学生作业本16K学校统一语文练习本小学汉语拼音本	240530-450856230600371	待付款	"4.5	"	"0.0	"	"0.0	"	"0.0	"	"0.0	"	"4.5	"	"4.5	"	"1	"	"	"	"	"	"609881478958	"	16K英语本(5本)	"1599890404776	"	"	"	无售后或售后取消	"	"	"	"	"	"
莱特5本36页牛皮学生作业本16K学校统一语文练习本小学汉语拼音本	240530-446850690741705	未发货，退款成功	"40.5	"	"0.0	"	"4.05	"	"4.37	"	"0.0	"	"32.08	"	"36.45	"	"9	"	"	"	"	"	"609881478958	"	16K英语本(5本)	"1599890404776	"	"	"	退款成功	"	"	"	"	2024/5/30 5:52
莱特5本36页牛皮学生作业本16K学校统一语文练习本小学汉语拼音本	240530-176915812710991	待付款	"4.5	"	"0.0	"	"0.0	"	"0.45	"	"0.0	"	"4.05	"	"4.5	"	"1	"	"	"	"	"	"609881478958	"	16K英语本(5本)	"1599890404776	"	"	"	无售后或售后取消	"	"	"	"	"	"
莱特5本36页牛皮学生作业本16K学校统一语文练习本小学汉语拼音本	240530-400713388442609	已发货，待收货	"9.0	"	"0.0	"	"0.9	"	"0.0	"	"0.0	"	"8.1	"	"8.1	"	"2	"	2024/5/30 10:19	"	"	"609881478958	"	16K横线语文本(5本)	"1599890404772	"	"	"	无售后或售后取消	"777218522319047	"	申通快递	2024/5/30 4:36
莱特5本36页牛皮学生作业本16K学校统一语文练习本小学汉语拼音本	240530-228914696602609	已发货，待收货	"4.5	"	"0.0	"	"0.45	"	"0.0	"	"0.0	"	"4.05	"	"4.05	"	"1	"	2024/5/30 10:19	"	"	"609881478958	"	16K英语本(5本)	"1599890404776	"	"	"	无售后或售后取消	"777218522319047	"	申通快递	2024/5/30 4:36
莱特5本36页牛皮学生作业本16K学校统一语文练习本小学汉语拼音本	240530-057116004762609	已发货，待收货	"4.5	"	"0.0	"	"0.45	"	"0.0	"	"0.0	"	"4.05	"	"4.05	"	"1	"	2024/5/30 10:19	"	"	"609881478958	"	16K双线数学本(5本)	"1599890404779	"	"	"	无售后或售后取消	"777218522319047	"	申通快递	2024/5/30 4:36
莱特5本36页牛皮学生作业本16K学校统一语文练习本小学汉语拼音本	240530-422733494692920	已发货，待收货	"13.5	"	"0.0	"	"1.35	"	"1.85	"	"0.0	"	"10.3	"	"12.15	"	"3	"	2024/5/30 10:19	"	"	"609881478958	"	16K双线数学本(5本)	"1599890404779	"	"	"	无售后或售后取消	"777218522319102	"	申通快递	2024/5/30 4:04
莱特5本36页牛皮学生作业本16K学校统一语文练习本小学汉语拼音本	240530-406459543332920	已发货，待收货	"13.5	"	"0.0	"	"1.35	"	"1.45	"	"0.0	"	"10.7	"	"12.15	"	"3	"	2024/5/30 10:19	"	"	"609881478958	"	16K书法本(田字格5本)	"1599890404774	"	"	"	无售后或售后取消	"777218522319102	"	申通快递	2024/5/30 3:55
莱特5本36页牛皮学生作业本16K学校统一语文练习本小学汉语拼音本	240530-283707983551189	未发货，退款成功	"4.5	"	"0.0	"	"0.0	"	"0.0	"	"0.0	"	"4.5	"	"4.5	"	"1	"	"	"	"	"	"609881478958	"	16K单线数学本(5本)	"1599890404780	"	"	"	退款成功	"	"	"	"	2024/5/30 2:41
莱特5本36页牛皮学生作业本16K学校统一语文练习本小学汉语拼音本	240530-605411131711189	待付款	"4.5	"	"0.0	"	"0.45	"	"0.32	"	"0.0	"	"3.73	"	"4.05	"	"1	"	"	"	"	"	"609881478958	"	16K单线数学本(5本)	"1599890404780	"	"	"	无售后或售后取消	"	"	"	"	"	"
莱特5本36页牛皮学生作业本16K学校统一语文练习本小学汉语拼音本	240530-433612439871189	待付款	"4.5	"	"0.0	"	"0.45	"	"0.32	"	"0.0	"	"3.73	"	"4.05	"	"1	"	"	"	"	"	"609881478958	"	16K汉语拼音本(5本)	"1599890404784	"	"	"	无售后或售后取消	"	"	"	"	"	"
莱特5本36页牛皮学生作业本16K学校统一语文练习本小学汉语拼音本	240530-261813748031189	待付款	"4.5	"	"0.0	"	"0.45	"	"0.32	"	"0.0	"	"3.73	"	"4.05	"	"1	"	"	"	"	"	"609881478958	"	16K生字本(5本)	"1599890404781	"	"	"	无售后或售后取消	"	"	"	"	"	"
莱特5本36页牛皮学生作业本16K学校统一语文练习本小学汉语拼音本	240530-090015056191189	待付款	"4.5	"	"0.0	"	"0.45	"	"0.33	"	"0.0	"	"3.72	"	"4.05	"	"1	"	"	"	"	"	"609881478958	"	16K方格语文本(5本)	"1599890404773	"	"	"	无售后或售后取消	"	"	"	"	"	"
莱特5本36页牛皮学生作业本16K学校统一语文练习本小学汉语拼音本	240530-047065383231189	待付款	"4.5	"	"0.0	"	"0.45	"	"0.33	"	"0.0	"	"3.72	"	"4.05	"	"1	"	"	"	"	"	"609881478958	"	16K作文本300格(5本)	"1599890404771	"	"	"	无售后或售后取消	"	"	"	"	"	"
莱特5本36页牛皮学生作业本16K学校统一语文练习本学生汉语拼音本	240530-615681943741398	已发货，待收货	"9.0	"	"0.0	"	"0.9	"	"0.97	"	"0.0	"	"7.13	"	"8.1	"	"2	"	2024/5/30 10:19	"	"	"612517929146	"	英语本(5本)	"1596013749697	"	"	"	无售后或售后取消	"777218522319715	"	申通快递	2024/5/30 1:50
莱特5本36页牛皮学生作业本16K学校统一语文练习本小学汉语拼音本	240530-155954736710866	已发货，待收货	"4.5	"	"0.0	"	"0.0	"	"3.0	"	"0.0	"	"1.5	"	"4.5	"	"1	"	2024/5/30 10:19	"	"	"609881478958	"	16K作文本300格(5本)	"1599890404771	"	"	"	无售后或售后取消	"777218522319278	"	申通快递	2024/5/30 0:32
莱特5本36页牛皮学生作业本16K学校统一语文练习本小学汉语拼音本	240530-377634210040936	待付款	"4.5	"	"0.0	"	"0.0	"	"0.0	"	"0.0	"	"4.5	"	"4.5	"	"1	"	"	"	"	"	"609881478958	"	16K练习本(5本)	"1599890404782	"	"	"	无售后或售后取消	"	"	"	"	"	"
莱特5本36页牛皮学生作业本16K学校统一语文练习本小学汉语拼音本	240529-148252925620499	已发货，待收货	"4.5	"	"0.0	"	"0.0	"	"0.0	"	"0.0	"	"4.5	"	"4.5	"	"1	"	2024/5/30 10:19	"	"	"609881478958	"	16K英语本(5本)	"1599890404776	"	"	"	无售后或售后取消	"777218522322533	"	申通快递	2024/5/29 23:01
莱特5本36页牛皮学生作业本16K学校统一语文练习本小学汉语拼音本	240529-115249026871859	待付款	"4.5	"	"0.0	"	"0.0	"	"0.0	"	"0.0	"	"4.5	"	"4.5	"	"1	"	"	"	"	"	"609881478958	"	16K英语本(5本)	"1599890404776	"	"	"	无售后或售后取消	"	"	"	"	"	"
莱特5本36页牛皮学生作业本16K学校统一语文练习本小学汉语拼音本	240529-530757721663887	已发货，待收货	"4.5	"	"0.0	"	"0.45	"	"0.49	"	"0.0	"	"3.56	"	"4.05	"	"1	"	2024/5/30 10:19	"	"	"609881478958	"	16K方格语文本(5本)	"1599890404773	"	"	"	无售后或售后取消	"777218522318900	"	申通快递	2024/5/29 22:44
莱特5本36页牛皮学生作业本16K学校统一语文练习本小学汉语拼音本	240529-187160337983887	已发货，待收货	"4.5	"	"0.0	"	"0.45	"	"0.48	"	"0.0	"	"3.57	"	"4.05	"	"1	"	2024/5/30 10:19	"	"	"609881478958	"	16K汉语拼音本(5本)	"1599890404784	"	"	"	无售后或售后取消	"777218522318900	"	申通快递	2024/5/29 22:44
莱特5本36页牛皮学生作业本16K学校统一语文练习本小学汉语拼音本	240529-202883755543275	已发货，待收货	"13.5	"	"0.0	"	"1.35	"	"0.0	"	"0.0	"	"12.15	"	"12.15	"	"3	"	2024/5/30 10:19	"	"	"609881478958	"	16K汉语拼音本(5本)	"1599890404784	"	"	"	无售后或售后取消	"777218522320017	"	申通快递	2024/5/29 22:43
莱特5本36页牛皮学生作业本16K学校统一语文练习本小学汉语拼音本	240529-303919306362880	已发货，待收货	"4.5	"	"0.0	"	"0.0	"	"0.0	"	"0.0	"	"4.5	"	"4.5	"	"1	"	2024/5/30 10:19	"	"	"609881478958	"	16K方格语文本(5本)	"1599890404773	"	"	"	无售后或售后取消	"777218522320534	"	申通快递	2024/5/29 22:13
莱特5本36页牛皮学生作业本16K学校统一语文练习本小学汉语拼音本	240529-141038795031189	已发货，待收货	"9.0	"	"0.0	"	"0.9	"	"0.97	"	"0.0	"	"7.13	"	"8.1	"	"2	"	2024/5/30 10:19	"	"	"609881478958	"	16K方格语文本(5本)	"1599890404773	"	"	"	无售后或售后取消	"777218522319874	"	申通快递	2024/5/29 22:01
莱特5本36页牛皮学生作业本16K学校统一语文练习本小学汉语拼音本	240529-663711977910305	已发货，待收货	"4.5	"	"0.0	"	"0.0	"	"0.0	"	"0.0	"	"4.5	"	"4.5	"	"1	"	2024/5/30 10:19	"	"	"609881478958	"	16K单线数学本(5本)	"1599890404780	"	"	"	无售后或售后取消	"777218522320583	"	申通快递	2024/5/29 21:35
莱特5本36页牛皮学生作业本16K学校统一语文练习本学生汉语拼音本	240529-114064177441757	已发货，待收货	"9.0	"	"0.0	"	"0.9	"	"0.97	"	"0.0	"	"7.13	"	"8.1	"	"2	"	2024/5/30 10:19	"	"	"612517929146	"	练习本(5本)	"1596013749703	"	"	"	无售后或售后取消	"777218522323666	"	申通快递	2024/5/29 21:27
莱特5本36页牛皮学生作业本16K学校统一语文练习本小学汉语拼音本	240529-076530327234085	已发货，待收货	"4.5	"	"0.0	"	"0.0	"	"2.0	"	"0.01	"	"2.5	"	"4.5	"	"1	"	2024/5/30 10:19	"	"	"609881478958	"	16K双线数学本(5本)	"1599890404779	"	"	"	无售后或售后取消	"777218522320035	"	申通快递	2024/5/29 21:27
莱特5本36页牛皮学生作业本16K学校统一语文练习本小学汉语拼音本	240529-609484818202322	已发货，待收货	"4.5	"	"0.0	"	"0.45	"	"0.0	"	"0.0	"	"4.05	"	"4.05	"	"1	"	2024/5/30 10:19	"	"	"609881478958	"	16K作文本300格(5本)	"1599890404771	"	"	"	无售后或售后取消	"777218522318935	"	申通快递	2024/5/29 21:21
莱特5本36页牛皮学生作业本16K学校统一语文练习本小学汉语拼音本	240529-265887434522322	已发货，待收货	"9.0	"	"0.0	"	"0.9	"	"0.0	"	"0.0	"	"8.1	"	"8.1	"	"2	"	2024/5/30 10:19	"	"	"609881478958	"	16K英语本(5本)	"1599890404776	"	"	"	无售后或售后取消	"777218522318935	"	申通快递	2024/5/29 21:21
莱特5本36页牛皮学生作业本16K学校统一语文练习本小学汉语拼音本	240529-531449792282322	待付款	"4.5	"	"0.0	"	"0.0	"	"0.0	"	"0.0	"	"4.5	"	"4.5	"	"1	"	"	"	"	"	"609881478958	"	16K作文本300格(5本)	"1599890404771	"	"	"	无售后或售后取消	"	"	"	"	"	"
莱特5本36页牛皮学生作业本16K学校统一语文练习本小学汉语拼音本	240529-189881464980523	已发货，待收货	"9.0	"	"0.0	"	"0.9	"	"0.97	"	"0.0	"	"7.13	"	"8.1	"	"2	"	2024/5/30 10:19	"	"	"609881478958	"	16K英语本(5本)	"1599890404776	"	"	"	无售后或售后取消	"777218522323216	"	申通快递	2024/5/29 21:14
莱特5本36页牛皮学生作业本16K学校统一语文练习本小学汉语拼音本	240529-677851993622117	已发货，待收货	"4.5	"	"0.0	"	"0.0	"	"0.0	"	"0.0	"	"4.5	"	"4.5	"	"1	"	2024/5/30 10:19	"	"	"609881478958	"	16K双线数学本(5本)	"1599890404779	"	"	"	无售后或售后取消	"777218522319375	"	申通快递	2024/5/29 21:13
莱特5本36页牛皮学生作业本16K学校统一语文练习本小学汉语拼音本	240529-032327626262117	已发货，待收货	"4.5	"	"0.0	"	"0.0	"	"0.0	"	"0.0	"	"4.5	"	"4.5	"	"1	"	2024/5/30 10:19	"	"	"609881478958	"	16K田字本(5本)	"1599890404778	"	"	"	无售后或售后取消	"777218522319375	"	申通快递	2024/5/29 21:13
莱特5本36页牛皮学生作业本16K学校统一语文练习本小学汉语拼音本	240529-124298237451564	已发货，待收货	"9.0	"	"0.0	"	"0.9	"	"0.0	"	"0.0	"	"8.1	"	"8.1	"	"2	"	2024/5/30 10:19	"	"	"609881478958	"	16K方格语文本(5本)	"1599890404773	"	"	"	无售后或售后取消	"777218522320110	"	申通快递	2024/5/29 21:00
莱特5本36页牛皮学生作业本16K学校统一语文练习本小学汉语拼音本	240529-178488634891564	已取消	"9.0	"	"0.0	"	"0.9	"	"0.0	"	"0.0	"	"8.1	"	"8.1	"	"2	"	"	"	"	"	"609881478958	"	16K方格语文本(5本)	"1599890404773	"	"	"	无售后或售后取消	"	"	"	"	"	"
莱特5本36页牛皮学生作业本16K学校统一语文练习本小学汉语拼音本	240529-098534746423438	已发货，待收货	"18.0	"	"0.0	"	"1.8	"	"3.0	"	"0.0	"	"13.2	"	"16.2	"	"4	"	2024/5/30 10:19	"	"	"609881478958	"	16K练习本(5本)	"1599890404782	"	"	"	无售后或售后取消	"777218522319369	"	申通快递	2024/5/29 21:00
莱特5本加厚A4学生笔记本B5办公商务记事本大学生课堂笔记草稿本	240529-560243699500172	已发货，待收货	"22.0	"	"0.0	"	"2.2	"	"3.0	"	"0.0	"	"16.8	"	"19.8	"	"2	"	2024/5/30 10:19	"	"	"614857205457	"	B5混色5本装（每本48张）	"1598292611662	"	"	"	无售后或售后取消	"777218522323411	"	申通快递	2024/5/29 20:52
莱特5本36页牛皮学生作业本16K学校统一语文练习本小学汉语拼音本	240529-512449647022576	已取消	"4.5	"	"0.0	"	"0.0	"	"0.0	"	"0.0	"	"4.5	"	"4.5	"	"1	"	"	"	"	"	"609881478958	"	16K作文本300格(5本)	"1599890404771	"	"	"	无售后或售后取消	"	"	"	"	"	"
莱特5本36页牛皮学生作业本16K学校统一语文练习本学生汉语拼音本	240529-554214439293694	已发货，待收货	"4.5	"	"0.0	"	"0.45	"	"0.28	"	"0.0	"	"3.77	"	"4.05	"	"1	"	2024/5/30 10:19	"	"	"612517929146	"	英语本(5本)	"1596013749697	"	"	"	无售后或售后取消	"777218522319722	"	申通快递	2024/5/29 20:14
莱特5本36页牛皮学生作业本16K学校统一语文练习本学生汉语拼音本	240529-124717709693694	已发货，待收货	"4.5	"	"0.0	"	"0.45	"	"0.28	"	"0.01	"	"3.77	"	"4.05	"	"1	"	2024/5/30 10:19	"	"	"612517929146	"	方格语文本(5本)	"1596013749694	"	"	"	无售后或售后取消	"777218522319722	"	申通快递	2024/5/29 20:14
莱特5本36页牛皮学生作业本16K学校统一语文练习本小学汉语拼音本	240529-271371548843564	已发货，待收货	"4.5	"	"0.0	"	"0.0	"	"3.0	"	"0.0	"	"1.5	"	"4.5	"	"1	"	2024/5/30 10:19	"	"	"609881478958	"	16K练习本(5本)	"1599890404782	"	"	"	无售后或售后取消	"777218522319977	"	申通快递	2024/5/29 20:06
莱特5本36页牛皮学生作业本16K学校统一语文练习本小学汉语拼音本	240529-418465790332054	已发货，待收货	"4.5	"	"0.0	"	"0.0	"	"0.0	"	"0.0	"	"4.5	"	"4.5	"	"1	"	2024/5/30 10:19	"	"	"609881478958	"	16K练习本(5本)	"1599890404782	"	"	"	无售后或售后取消	"777218522319205	"	申通快递	2024/5/29 19:48
莱特5本36页牛皮学生作业本16K学校统一语文练习本小学汉语拼音本	240529-106346647821118	待付款	"4.5	"	"0.0	"	"0.0	"	"0.0	"	"0.0	"	"4.5	"	"4.5	"	"1	"	"	"	"	"	"609881478958	"	16K练习本(5本)	"1599890404782	"	"	"	无售后或售后取消	"	"	"	"	"	"
莱特5本36页牛皮学生作业本16K学校统一语文练习本小学汉语拼音本	240529-671508109052054	已取消	"4.5	"	"0.0	"	"0.0	"	"0.0	"	"0.0	"	"4.5	"	"4.5	"	"1	"	"	"	"	"	"609881478958	"	16K单线数学本(5本)	"1599890404780	"	"	"	无售后或售后取消	"	"	"	"	"	"
莱特5本36页牛皮学生作业本16K学校统一语文练习本学生汉语拼音本	240529-584534004022902	已发货，待收货	"4.5	"	"0.0	"	"0.45	"	"0.0	"	"0.0	"	"4.05	"	"4.05	"	"1	"	2024/5/30 10:19	"	"	"612517929146	"	方格语文本(5本)	"1596013749694	"	"	"	无售后或售后取消	"777218522323423	"	申通快递	2024/5/29 19:40
莱特10本加厚16K大号学校统一学生作业本小学汉语拼音本纠错本	240529-155037274422902	已发货，待收货	"4.4	"	"0.0	"	"0.44	"	"0.0	"	"0.0	"	"3.96	"	"3.96	"	"1	"	2024/5/30 10:19	"	"	"607820221890	"	32K英语本(5本)	"1593039293503	"	"	"	无售后或售后取消	"777218522323423	"	申通快递	2024/5/29 19:40
莱特5本36页牛皮学生作业本16K学校统一语文练习本小学汉语拼音本	240529-644832335452440	已发货，待收货	"4.5	"	"0.0	"	"0.0	"	"0.0	"	"0.0	"	"4.5	"	"4.5	"	"1	"	2024/5/30 10:19	"	"	"609881478958	"	16K横线语文本(5本)	"1599890404772	"	"	"	无售后或售后取消	"777218522318868	"	申通快递	2024/5/29 19:31
莱特5本36页牛皮学生作业本16K学校统一语文练习本小学汉语拼音本	240529-124549927100885	已发货，待收货	"4.5	"	"0.0	"	"0.0	"	"3.0	"	"0.0	"	"1.5	"	"4.5	"	"1	"	2024/5/30 10:19	"	"	"609881478958	"	16K练习本(5本)	"1599890404782	"	"	"	无售后或售后取消	"777218522320121	"	申通快递	2024/5/29 19:11
莱特5本加厚200页B5学生笔记本办公记事本白领工作记录本子笔记本	240529-473788629340268	已发货，待收货	"11.7	"	"0.0	"	"0.0	"	"0.0	"	"0.0	"	"11.7	"	"11.7	"	"1	"	2024/5/30 10:19	"	"	"608059073339	"	A5五本（每本100张）	"1593732323453	"	"	"	无售后或售后取消	"777218522319126	"	申通快递	2024/5/29 18:58
莱特5本36页牛皮学生作业本16K学校统一语文练习本小学汉语拼音本	240529-310357532430307	已发货，待收货	"9.0	"	"0.0	"	"0.9	"	"0.0	"	"0.0	"	"8.1	"	"8.1	"	"2	"	2024/5/30 10:19	"	"	"609881478958	"	16K双线数学本(5本)	"1599890404779	"	"	"	无售后或售后取消	"777218522319450	"	申通快递	2024/5/29 18:05
莱特5本36页牛皮学生作业本16K学校统一语文练习本小学汉语拼音本	240529-515296468723414	已发货，待收货	"4.5	"	"0.0	"	"0.0	"	"0.58	"	"0.0	"	"3.92	"	"4.5	"	"1	"	2024/5/30 10:19	"	"	"609881478958	"	16K方格语文本(5本)	"1599890404773	"	"	"	无售后或售后取消	"777218522323575	"	申通快递	2024/5/29 17:51
莱特5本加厚200页B5学生笔记本办公记事本白领工作记录本子笔记本	240529-516659658993833	已发货，待收货	"16.8	"	"0.0	"	"1.68	"	"0.0	"	"0.0	"	"15.12	"	"15.12	"	"2	"	2024/5/30 10:19	"	"	"608059073339	"	A5五本（每本60张）	"1593732323451	"	"	"	无售后或售后取消	"777218522319928	"	申通快递	2024/5/29 17:31
莱特5本36页牛皮学生作业本16K学校统一语文练习本小学汉语拼音本	240529-584969101052249	已发货，待收货	"4.5	"	"0.0	"	"0.0	"	"0.0	"	"0.01	"	"4.5	"	"4.5	"	"1	"	2024/5/29 15:27	"	"	"609881478958	"	16K英语本(5本)	"1599890404776	"	"	"	无售后或售后取消	"777218719589620	"	申通快递	2024/5/29 15:09
莱特5本36页牛皮学生作业本16K学校统一语文练习本小学汉语拼音本	240529-658778407303503	已发货，待收货	"4.5	"	"0.0	"	"0.0	"	"2.0	"	"0.0	"	"2.5	"	"4.5	"	"1	"	2024/5/29 15:27	"	"	"609881478958	"	16K汉语拼音本(5本)	"1599890404784	"	"	"	无售后或售后取消	"777218719585323	"	申通快递	2024/5/29 14:58
莱特5本36页牛皮学生作业本16K学校统一语文练习本小学汉语拼音本	240529-015644782160027	已发货，待收货	"4.5	"	"0.0	"	"0.0	"	"0.0	"	"0.0	"	"4.5	"	"4.5	"	"1	"	2024/5/29 15:27	"	"	"609881478958	"	16K田字本(5本)	"1599890404778	"	"	"	无售后或售后取消	"777218719589065	"	申通快递	2024/5/29 14:40
莱特5本36页牛皮学生作业本16K学校统一语文练习本小学汉语拼音本	240529-613102405161603	已发货，待收货	"9.0	"	"0.0	"	"0.9	"	"0.97	"	"0.0	"	"7.13	"	"8.1	"	"2	"	2024/5/29 15:27	"	"	"609881478958	"	16K英语本(5本)	"1599890404776	"	"	"	无售后或售后取消	"777218719589096	"	申通快递	2024/5/29 14:30
莱特5本36页牛皮学生作业本16K学校统一语文练习本小学汉语拼音本	240529-441303713321603	已发货，待收货	"9.0	"	"0.0	"	"0.9	"	"0.97	"	"0.0	"	"7.13	"	"8.1	"	"2	"	2024/5/29 15:27	"	"	"609881478958	"	16K作文本300格(5本)	"1599890404771	"	"	"	无售后或售后取消	"777218719589096	"	申通快递	2024/5/29 14:30
莱特5本36页牛皮学生作业本16K学校统一语文练习本小学汉语拼音本	240529-269505021481603	已发货，待收货	"9.0	"	"0.0	"	"0.9	"	"0.97	"	"0.0	"	"7.13	"	"8.1	"	"2	"	2024/5/29 15:27	"	"	"609881478958	"	16K双线数学本(5本)	"1599890404779	"	"	"	无售后或售后取消	"777218719589096	"	申通快递	2024/5/29 14:30
莱特5本36页牛皮学生作业本16K学校统一语文练习本小学汉语拼音本	240529-054756656681603	已发货，待收货	"9.0	"	"0.0	"	"0.9	"	"0.97	"	"0.0	"	"7.13	"	"8.1	"	"2	"	2024/5/29 15:27	"	"	"609881478958	"	16K方格语文本(5本)	"1599890404773	"	"	"	无售后或售后取消	"777218719589096	"	申通快递	2024/5/29 14:30
莱特5本36页牛皮学生作业本16K学校统一语文练习本小学汉语拼音本	240529-235389621983229	未发货，退款成功	"9.0	"	"0.0	"	"0.9	"	"0.0	"	"0.0	"	"8.1	"	"8.1	"	"2	"	"	"	"	"	"609881478958	"	16K横线语文本(5本)	"1599890404772	"	"	"	退款成功	"	"	"	"	2024/5/29 13:30
莱特5本36页牛皮学生作业本16K学校统一语文练习本小学汉语拼音本	240529-643977777581401	已发货，待收货	"9.0	"	"0.0	"	"0.9	"	"1.62	"	"0.0	"	"6.48	"	"8.1	"	"2	"	2024/5/29 13:20	"	"	"609881478958	"	16K田字本(5本)	"1599890404778	"	"	"	无售后或售后取消	"777218681974920	"	申通快递	2024/5/29 13:07
莱特5本36页牛皮学生作业本16K学校统一语文练习本小学汉语拼音本	240529-558078431661401	已发货，待收货	"9.0	"	"0.0	"	"0.9	"	"1.62	"	"0.0	"	"6.48	"	"8.1	"	"2	"	2024/5/29 13:20	"	"	"609881478958	"	16K单线数学本(5本)	"1599890404780	"	"	"	无售后或售后取消	"777218681974920	"	申通快递	2024/5/29 13:07
莱特5本36页牛皮学生作业本16K学校统一语文练习本小学汉语拼音本	240529-472179085741401	已发货，待收货	"9.0	"	"0.0	"	"0.9	"	"1.62	"	"0.0	"	"6.48	"	"8.1	"	"2	"	2024/5/29 13:20	"	"	"609881478958	"	16K方格语文本(5本)	"1599890404773	"	"	"	无售后或售后取消	"777218681974920	"	申通快递	2024/5/29 13:07
莱特5本36页牛皮学生作业本16K学校统一语文练习本小学汉语拼音本	240529-386279739821401	已发货，待收货	"9.0	"	"0.0	"	"0.9	"	"1.61	"	"0.0	"	"6.49	"	"8.1	"	"2	"	2024/5/29 13:20	"	"	"609881478958	"	16K生字本(5本)	"1599890404781	"	"	"	无售后或售后取消	"777218681974920	"	申通快递	2024/5/29 13:07
莱特5本36页牛皮学生作业本16K学校统一语文练习本小学汉语拼音本	240529-300380393901401	已发货，待收货	"9.0	"	"0.0	"	"0.9	"	"1.62	"	"0.0	"	"6.48	"	"8.1	"	"2	"	2024/5/29 13:20	"	"	"609881478958	"	16K作文本300格(5本)	"1599890404771	"	"	"	无售后或售后取消	"777218681974920	"	申通快递	2024/5/29 13:07
莱特5本36页牛皮学生作业本16K学校统一语文练习本小学汉语拼音本	240529-549972928933684	待付款	"4.5	"	"0.0	"	"0.0	"	"0.0	"	"0.0	"	"4.5	"	"4.5	"	"1	"	"	"	"	"	"609881478958	"	16K作文本300格(5本)	"1599890404771	"	"	"	无售后或售后取消	"	"	"	"	"	"
莱特5本36页牛皮学生作业本16K学校统一语文练习本小学汉语拼音本	240529-653210447473428	已发货，待收货	"4.5	"	"0.0	"	"0.45	"	"0.0	"	"0.0	"	"4.05	"	"4.05	"	"1	"	2024/5/29 13:20	"	"	"609881478958	"	16K书法本(田字格5本)	"1599890404774	"	"	"	无售后或售后取消	"777218681974931	"	申通快递	2024/5/29 12:17
莱特5本36页牛皮学生作业本16K学校统一语文练习本小学汉语拼音本	240529-030440189553428	已发货，待收货	"4.5	"	"0.0	"	"0.45	"	"0.0	"	"0.0	"	"4.05	"	"4.05	"	"1	"	2024/5/29 13:20	"	"	"609881478958	"	16K横线语文本(5本)	"1599890404772	"	"	"	无售后或售后取消	"777218681974931	"	申通快递	2024/5/29 12:17
莱特5本36页牛皮学生作业本16K学校统一语文练习本小学汉语拼音本	240529-495394558193428	未发货，退款成功	"4.5	"	"0.0	"	"0.45	"	"0.0	"	"0.0	"	"4.05	"	"4.05	"	"1	"	"	"	"	"	"609881478958	"	16K练习本(5本)	"1599890404782	"	"	"	退款成功	"	"	"	"	2024/5/29 12:14
莱特5本36页牛皮学生作业本16K学校统一语文练习本小学汉语拼音本	240529-323595866353428	未发货，退款成功	"4.5	"	"0.0	"	"0.45	"	"0.0	"	"0.0	"	"4.05	"	"4.05	"	"1	"	"	"	"	"	"609881478958	"	16K书法本(田字格5本)	"1599890404774	"	"	"	退款成功	"	"	"	"	2024/5/29 12:14
莱特5本36页牛皮学生作业本16K学校统一语文练习本小学汉语拼音本	240529-257304829640556	已发货，待收货	"4.5	"	"0.0	"	"0.0	"	"0.0	"	"0.0	"	"4.5	"	"4.5	"	"1	"	2024/5/29 13:20	"	"	"609881478958	"	16K练习本(5本)	"1599890404782	"	"	"	无售后或售后取消	"777218682018753	"	申通快递	2024/5/29 11:18
莱特5本36页牛皮学生作业本16K学校统一语文练习本小学汉语拼音本	240529-332026407272002	已取消	"4.5	"	"0.0	"	"0.0	"	"0.0	"	"0.0	"	"4.5	"	"4.5	"	"1	"	"	"	"	"	"609881478958	"	16K作文本300格(5本)	"1599890404771	"	"	"	无售后或售后取消	"	"	"	"	"	"
莱特10本加厚16K大号学校统一学生作业本小学汉语拼音本纠错本	240529-250557263451245	已发货，待收货	"6.7	"	"0.0	"	"0.0	"	"0.67	"	"0.0	"	"6.03	"	"6.7	"	"1	"	2024/5/29 13:20	"	"	"607820221890	"	32K田字本(10本)	"1596346464012	"	"	"	无售后或售后取消	"777218682019065	"	申通快递	2024/5/29 10:31
莱特5本36页牛皮学生作业本16K学校统一语文练习本小学汉语拼音本	240529-098193937980056	已发货，待收货	"4.5	"	"0.0	"	"0.0	"	"0.0	"	"0.0	"	"4.5	"	"4.5	"	"1	"	2024/5/29 10:14	"	"	"609881478958	"	16K书法本(米字格5本)	"1599890404775	"	"	"	无售后或售后取消	"777218246909238	"	申通快递	2024/5/29 9:47
莱特5本36页牛皮学生作业本16K学校统一语文练习本小学汉语拼音本	240529-469662513340056	已发货，待收货	"4.5	"	"0.0	"	"0.0	"	"0.0	"	"0.0	"	"4.5	"	"4.5	"	"1	"	2024/5/29 10:14	"	"	"609881478958	"	16K作文本300格(5本)	"1599890404771	"	"	"	无售后或售后取消	"777218246909238	"	申通快递	2024/5/29 9:43
莱特5本36页牛皮学生作业本16K学校统一语文练习本小学汉语拼音本	240529-643741796082824	已发货，待收货	"4.5	"	"0.0	"	"0.45	"	"0.49	"	"0.0	"	"3.56	"	"4.05	"	"1	"	2024/5/29 9:30	"	"	"609881478958	"	16K作文本300格(5本)	"1599890404771	"	"	"	无售后或售后取消	"777218264518275	"	申通快递	2024/5/29 9:21
莱特5本36页牛皮学生作业本16K学校统一语文练习本小学汉语拼音本	240529-428993431282824	已发货，待收货	"4.5	"	"0.0	"	"0.45	"	"0.49	"	"0.0	"	"3.56	"	"4.05	"	"1	"	2024/5/29 9:30	"	"	"609881478958	"	16K横线语文本(5本)	"1599890404772	"	"	"	无售后或售后取消	"777218264518275	"	申通快递	2024/5/29 9:21
莱特5本36页牛皮学生作业本16K学校统一语文练习本小学汉语拼音本	240529-257194739442824	已发货，待收货	"4.5	"	"0.0	"	"0.45	"	"0.48	"	"0.0	"	"3.57	"	"4.05	"	"1	"	2024/5/29 9:30	"	"	"609881478958	"	16K双线数学本(5本)	"1599890404779	"	"	"	无售后或售后取消	"777218264518275	"	申通快递	2024/5/29 9:21
莱特5本36页牛皮学生作业本16K学校统一语文练习本小学汉语拼音本	240529-085396047602824	已发货，待收货	"4.5	"	"0.0	"	"0.45	"	"0.48	"	"0.0	"	"3.57	"	"4.05	"	"1	"	2024/5/29 9:30	"	"	"609881478958	"	16K英语本(5本)	"1599890404776	"	"	"	无售后或售后取消	"777218264518275	"	申通快递	2024/5/29 9:21
莱特5本36页牛皮学生作业本16K学校统一语文练习本小学汉语拼音本	240529-535591698781590	已发货，待收货	"9.0	"	"0.0	"	"0.9	"	"0.97	"	"0.0	"	"7.13	"	"8.1	"	"2	"	2024/5/29 9:30	"	"	"609881478958	"	16K作文本300格(5本)	"1599890404771	"	"	"	无售后或售后取消	"777218264517653	"	申通快递	2024/5/29 9:09
莱特5本36页牛皮学生作业本16K学校统一语文练习本小学汉语拼音本	240529-563683080500338	已发货，待收货	"4.5	"	"0.0	"	"0.45	"	"0.23	"	"0.0	"	"3.82	"	"4.05	"	"1	"	2024/5/29 9:15	"	"	"609881478958	"	16K作文本300格(5本)	"1599890404771	"	"	"	无售后或售后取消	"777218255588034	"	申通快递	2024/5/29 9:07
莱特5本36页牛皮学生作业本16K学校统一语文练习本小学汉语拼音本	240529-477783734580338	已发货，待收货	"4.5	"	"0.0	"	"0.45	"	"0.23	"	"0.0	"	"3.82	"	"4.05	"	"1	"	2024/5/29 9:15	"	"	"609881478958	"	16K生字本(5本)	"1599890404781	"	"	"	无售后或售后取消	"777218255588034	"	申通快递	2024/5/29 9:07
莱特5本36页牛皮学生作业本16K学校统一语文练习本小学汉语拼音本	240529-369801315994079	已发货，待收货	"4.5	"	"0.0	"	"0.0	"	"0.58	"	"0.0	"	"3.92	"	"4.5	"	"1	"	2024/5/29 9:15	"	"	"609881478958	"	16K英语本(5本)	"1599890404776	"	"	"	无售后或售后取消	"777218255592021	"	申通快递	2024/5/29 8:42
莱特5本36页牛皮学生作业本16K学校统一语文练习本小学汉语拼音本	240529-137415944550601	已发货，待收货	"4.5	"	"0.0	"	"0.0	"	"0.45	"	"0.0	"	"4.05	"	"4.5	"	"1	"	2024/5/29 8:38	"	"	"609881478958	"	16K汉语拼音本(5本)	"1599890404784	"	"	"	无售后或售后取消	"777218191251265	"	申通快递	2024/5/29 7:49
莱特5本36页牛皮学生作业本16K学校统一语文练习本小学汉语拼音本	240529-659517684090755	已取消	"9.0	"	"0.0	"	"0.9	"	"0.97	"	"0.0	"	"7.13	"	"8.1	"	"2	"	"	"	"	"	"609881478958	"	16K生字本(5本)	"1599890404781	"	"	"	无售后或售后取消	"	"	"	"	"	"
莱特5本36页牛皮学生作业本16K学校统一语文练习本小学汉语拼音本	240529-091462059770755	已取消	"13.5	"	"0.0	"	"1.35	"	"1.45	"	"0.0	"	"10.7	"	"12.15	"	"3	"	"	"	"	"	"609881478958	"	16K汉语拼音本(5本)	"1599890404784	"	"	"	无售后或售后取消	"	"	"	"	"	"
莱特5本36页牛皮学生作业本16K学校统一语文练习本小学汉语拼音本	240529-670721687811391	已发货，待收货	"4.5	"	"0.0	"	"0.0	"	"0.45	"	"0.0	"	"4.05	"	"4.5	"	"1	"	2024/5/29 8:38	"	"	"609881478958	"	16K作文本300格(5本)	"1599890404771	"	"	"	无售后或售后取消	"777218191250235	"	申通快递	2024/5/29 6:23
莱特5本36页牛皮学生作业本16K学校统一语文练习本小学汉语拼音本	240529-250331819753016	已发货，待收货	"9.0	"	"0.0	"	"0.9	"	"1.05	"	"0.0	"	"7.05	"	"8.1	"	"2	"	2024/5/29 8:38	"	"	"609881478958	"	16K方格语文本(5本)	"1599890404773	"	"	"	无售后或售后取消	"777218191251466	"	申通快递	2024/5/29 0:49
莱特5本36页牛皮学生作业本16K学校统一语文练习本小学汉语拼音本	240529-593420695812420	已发货，待收货	"9.0	"	"0.0	"	"0.9	"	"0.0	"	"0.0	"	"8.1	"	"8.1	"	"2	"	2024/5/29 8:38	"	"	"609881478958	"	16K英语本(5本)	"1599890404776	"	"	"	无售后或售后取消	"777218191250151	"	申通快递	2024/5/29 0:21
莱特5本36页牛皮学生作业本16K学校统一语文练习本小学汉语拼音本	240529-207827812612420	已发货，待收货	"9.0	"	"0.0	"	"0.9	"	"0.97	"	"0.0	"	"7.13	"	"8.1	"	"2	"	2024/5/29 8:38	"	"	"609881478958	"	16K单线数学本(5本)	"1599890404780	"	"	"	无售后或售后取消	"777218191250151	"	申通快递	2024/5/29 0:19
莱特5本36页牛皮学生作业本16K学校统一语文练习本小学汉语拼音本	240529-391328601680401	已发货，待收货	"4.5	"	"0.0	"	"0.0	"	"0.0	"	"0.0	"	"4.5	"	"4.5	"	"1	"	2024/5/29 8:38	"	"	"609881478958	"	16K田字本(5本)	"1599890404778	"	"	"	无售后或售后取消	"777218191250229	"	申通快递	2024/5/29 0:00
莱特5本36页牛皮学生作业本16K学校统一语文练习本小学汉语拼音本	240528-064259397423816	未发货，退款成功	"4.5	"	"0.0	"	"0.0	"	"0.0	"	"0.0	"	"4.5	"	"4.5	"	"1	"	"	"	"	"	"609881478958	"	16K英语本(5本)	"1599890404776	"	"	"	退款成功	"	"	"	"	2024/5/28 23:33
莱特5本36页牛皮学生作业本16K学校统一语文练习本小学汉语拼音本	240528-508281547130263	已发货，待收货	"9.0	"	"0.0	"	"0.9	"	"0.0	"	"0.0	"	"8.1	"	"8.1	"	"2	"	2024/5/29 8:38	"	"	"609881478958	"	16K单线数学本(5本)	"1599890404780	"	"	"	无售后或售后取消	"777218191249971	"	申通快递	2024/5/28 23:14
莱特5本36页牛皮学生作业本16K学校统一语文练习本小学汉语拼音本	240528-357181755600250	已发货，待收货	"4.5	"	"0.0	"	"0.0	"	"0.0	"	"0.0	"	"4.5	"	"4.5	"	"1	"	2024/5/29 8:38	"	"	"609881478958	"	16K方格语文本(5本)	"1599890404773	"	"	"	无售后或售后取消	"777218191247066	"	申通快递	2024/5/28 23:04
莱特5本36页牛皮学生作业本16K学校统一语文练习本小学汉语拼音本	240528-015136274863532	已发货，待收货	"9.0	"	"0.0	"	"0.9	"	"0.0	"	"0.0	"	"8.1	"	"8.1	"	"2	"	2024/5/29 8:38	"	"	"609881478958	"	16K单线数学本(5本)	"1599890404780	"	"	"	无售后或售后取消	"777218191250140	"	申通快递	2024/5/28 22:18
莱特5本36页牛皮学生作业本16K学校统一语文练习本小学汉语拼音本	240528-215086569263532	已发货，待收货	"9.0	"	"0.0	"	"0.9	"	"0.0	"	"0.0	"	"8.1	"	"8.1	"	"2	"	2024/5/29 8:38	"	"	"609881478958	"	16K英语本(5本)	"1599890404776	"	"	"	无售后或售后取消	"777218191250140	"	申通快递	2024/5/28 22:16
莱特5本36页牛皮学生作业本16K学校统一语文练习本小学汉语拼音本	240528-465685789103532	已取消	"4.5	"	"0.0	"	"0.0	"	"0.0	"	"0.0	"	"4.5	"	"4.5	"	"1	"	"	"	"	"	"609881478958	"	16K英语本(5本)	"1599890404776	"	"	"	无售后或售后取消	"	"	"	"	"	"
莱特5本36页牛皮学生作业本16K学校统一语文练习本小学汉语拼音本	240528-413990919861407	已发货，待收货	"4.5	"	"0.0	"	"0.45	"	"2.5	"	"0.0	"	"1.55	"	"4.05	"	"1	"	2024/5/29 8:38	"	"	"609881478958	"	16K双线数学本(5本)	"1599890404779	"	"	"	无售后或售后取消	"777218191251296	"	申通快递	2024/5/28 22:09
莱特5本36页牛皮学生作业本16K学校统一语文练习本小学汉语拼音本	240528-242192228021407	已发货，待收货	"4.5	"	"0.0	"	"0.45	"	"2.5	"	"0.01	"	"1.55	"	"4.05	"	"1	"	2024/5/29 8:38	"	"	"609881478958	"	16K练习本(5本)	"1599890404782	"	"	"	无售后或售后取消	"777218191251296	"	申通快递	2024/5/28 22:09
莱特5本36页牛皮学生作业本16K学校统一语文练习本小学汉语拼音本	240528-673851697350497	已发货，待收货	"4.5	"	"0.0	"	"0.45	"	"0.81	"	"0.0	"	"3.24	"	"4.05	"	"1	"	2024/5/29 8:38	"	"	"609881478958	"	16K英语本(5本)	"1599890404776	"	"	"	无售后或售后取消	"777218191250382	"	申通快递	2024/5/28 21:58
莱特5本36页牛皮学生作业本16K学校统一语文练习本小学汉语拼音本	240528-330254313670497	未发货，退款成功	"4.5	"	"0.0	"	"0.45	"	"0.81	"	"0.0	"	"3.24	"	"4.05	"	"1	"	"	"	"	"	"609881478958	"	16K书法本(田字格5本)	"1599890404774	"	"	"	退款成功	"	"	"	"	2024/5/28 21:58
莱特5本36页牛皮学生作业本16K学校统一语文练习本小学汉语拼音本	240528-660849375630957	已发货，待收货	"4.5	"	"0.0	"	"0.45	"	"0.41	"	"0.0	"	"3.64	"	"4.05	"	"1	"	2024/5/29 8:38	"	"	"609881478958	"	16K作文本300格(5本)	"1599890404771	"	"	"	无售后或售后取消	"777218191250375	"	申通快递	2024/5/28 21:48
莱特5本36页牛皮学生作业本16K学校统一语文练习本小学汉语拼音本	240528-489050683790957	已发货，待收货	"4.5	"	"0.0	"	"0.45	"	"0.41	"	"0.0	"	"3.64	"	"4.05	"	"1	"	2024/5/29 8:38	"	"	"609881478958	"	16K方格语文本(5本)	"1599890404773	"	"	"	无售后或售后取消	"777218191250375	"	申通快递	2024/5/28 21:48
莱特5本36页牛皮学生作业本16K学校统一语文练习本小学汉语拼音本	240528-317251991950957	已发货，待收货	"4.5	"	"0.0	"	"0.45	"	"0.4	"	"0.0	"	"3.65	"	"4.05	"	"1	"	2024/5/29 8:38	"	"	"609881478958	"	16K英语本(5本)	"1599890404776	"	"	"	无售后或售后取消	"777218191250375	"	申通快递	2024/5/28 21:48
莱特5本36页牛皮学生作业本16K学校统一语文练习本小学汉语拼音本	240528-145453300110957	已发货，待收货	"4.5	"	"0.0	"	"0.45	"	"0.4	"	"0.0	"	"3.65	"	"4.05	"	"1	"	2024/5/29 8:38	"	"	"609881478958	"	16K练习本(5本)	"1599890404782	"	"	"	无售后或售后取消	"777218191250375	"	申通快递	2024/5/28 21:48
莱特5本36页牛皮学生作业本16K学校统一语文练习本小学汉语拼音本	240528-207211784591179	已发货，待收货	"4.5	"	"0.0	"	"0.0	"	"0.31	"	"0.01	"	"4.19	"	"4.5	"	"1	"	2024/5/29 8:38	"	"	"609881478958	"	16K生字本(5本)	"1599890404781	"	"	"	无售后或售后取消	"777218191251727	"	申通快递	2024/5/28 21:47
莱特5本36页牛皮学生作业本16K学校统一语文练习本小学汉语拼音本	240528-079833383221902	已发货，待收货	"4.5	"	"0.0	"	"0.0	"	"0.0	"	"0.0	"	"4.5	"	"4.5	"	"1	"	2024/5/29 8:38	"	"	"609881478958	"	16K读书笔记本(5本)	"1599890404785	"	"	"	无售后或售后取消	"777218191247035	"	申通快递	2024/5/28 21:29
莱特5本36页牛皮学生作业本16K学校统一语文练习本小学汉语拼音本	240528-559242361073887	已发货，待收货	"4.5	"	"0.0	"	"0.0	"	"0.0	"	"0.0	"	"4.5	"	"4.5	"	"1	"	2024/5/29 8:38	"	"	"609881478958	"	16K汉语拼音本(5本)	"1599890404784	"	"	"	无售后或售后取消	"777218191251338	"	申通快递	2024/5/28 21:19
莱特5本36页牛皮学生作业本16K学校统一语文练习本小学汉语拼音本	240528-530804917823491	已发货，待收货	"18.0	"	"0.0	"	"1.8	"	"1.94	"	"0.0	"	"14.26	"	"16.2	"	"4	"	2024/5/29 8:38	"	"	"609881478958	"	16K单线数学本(5本)	"1599890404780	"	"	"	无售后或售后取消	"777218191251776	"	申通快递	2024/5/28 21:12
莱特5本36页牛皮学生作业本16K学校统一语文练习本小学汉语拼音本	240528-570546000210372	已发货，待收货	"4.5	"	"0.0	"	"0.45	"	"0.0	"	"0.0	"	"4.05	"	"4.05	"	"1	"	2024/5/29 8:38	"	"	"609881478958	"	16K方格语文本(5本)	"1599890404773	"	"	"	无售后或售后取消	"777218191251193	"	申通快递	2024/5/28 20:58
莱特5本36页牛皮学生作业本16K学校统一语文练习本小学汉语拼音本	240528-398747308370372	已发货，待收货	"4.5	"	"0.0	"	"0.45	"	"0.0	"	"0.0	"	"4.05	"	"4.05	"	"1	"	2024/5/29 8:38	"	"	"609881478958	"	16K读书笔记本(5本)	"1599890404785	"	"	"	无售后或售后取消	"777218191251193	"	申通快递	2024/5/28 20:58
莱特5本36页牛皮学生作业本16K学校统一语文练习本小学汉语拼音本	240528-226948616530372	已发货，待收货	"4.5	"	"0.0	"	"0.45	"	"0.0	"	"0.0	"	"4.05	"	"4.05	"	"1	"	2024/5/29 8:38	"	"	"609881478958	"	16K纠错本(5本)	"1599890404783	"	"	"	无售后或售后取消	"777218191251193	"	申通快递	2024/5/28 20:58
莱特5本36页牛皮学生作业本16K学校统一语文练习本小学汉语拼音本	240528-288444956953141	已发货，待收货	"4.5	"	"0.0	"	"0.0	"	"0.0	"	"0.0	"	"4.5	"	"4.5	"	"1	"	2024/5/29 8:38	"	"	"609881478958	"	16K横线语文本(5本)	"1599890404772	"	"	"	无售后或售后取消	"777218191247303	"	申通快递	2024/5/28 20:58
莱特5本36页牛皮学生作业本16K学校统一语文练习本小学汉语拼音本	240528-503458076442484	已发货，待收货	"4.5	"	"0.0	"	"0.0	"	"0.0	"	"0.0	"	"4.5	"	"4.5	"	"1	"	2024/5/29 8:38	"	"	"609881478958	"	16K双线数学本(5本)	"1599890404779	"	"	"	无售后或售后取消	"777218191247169	"	申通快递	2024/5/28 20:53
莱特5本加厚200页B5学生笔记本办公记事本白领工作记录本子笔记本	240528-032812644722278	已发货，待收货	"5.4	"	"0.0	"	"0.0	"	"1.0	"	"0.0	"	"4.4	"	"5.4	"	"1	"	2024/5/29 8:38	"	"	"608059073339	"	A5五本（每本40张）	"1593732323450	"	"	"	无售后或售后取消	"777218191250175	"	申通快递	2024/5/28 20:42
莱特10本超厚400张草稿纸作业练习本学生空白大学生考研验算纸张	240528-219920525664064	已发货，待收货	"7.8	"	"0.0	"	"0.0	"	"0.0	"	"0.0	"	"7.8	"	"7.8	"	"1	"	2024/5/29 8:38	"	"	"612572388478	"	10本装/每本40张（400张）	"1596114591035	"	"	"	无售后或售后取消	"777218191251168	"	申通快递	2024/5/28 20:05
莱特5本36页牛皮学生作业本16K学校统一语文练习本小学汉语拼音本	240528-360786235730238	已发货，待收货	"4.5	"	"0.0	"	"0.45	"	"0.0	"	"0.0	"	"4.05	"	"4.05	"	"1	"	2024/5/29 8:38	"	"	"609881478958	"	16K田字本(5本)	"1599890404778	"	"	"	无售后或售后取消	"777218191250357	"	申通快递	2024/5/28 20:03
莱特5本36页牛皮学生作业本16K学校统一语文练习本小学汉语拼音本	240528-188987543890238	已发货，待收货	"4.5	"	"0.0	"	"0.45	"	"0.0	"	"0.0	"	"4.05	"	"4.05	"	"1	"	2024/5/29 8:38	"	"	"609881478958	"	16K汉语拼音本(5本)	"1599890404784	"	"	"	无售后或售后取消	"777218191250357	"	申通快递	2024/5/28 20:03
莱特5本36页牛皮学生作业本16K学校统一语文练习本小学汉语拼音本	240528-017188852050238	已发货，待收货	"4.5	"	"0.0	"	"0.45	"	"0.0	"	"0.0	"	"4.05	"	"4.05	"	"1	"	2024/5/29 8:38	"	"	"609881478958	"	16K横线语文本(5本)	"1599890404772	"	"	"	无售后或售后取消	"777218191250357	"	申通快递	2024/5/28 20:03
莱特5本36页牛皮学生作业本16K学校统一语文练习本小学汉语拼音本	240528-516061991133080	已发货，待收货	"4.5	"	"0.0	"	"0.0	"	"0.0	"	"0.0	"	"4.5	"	"4.5	"	"1	"	2024/5/29 8:38	"	"	"609881478958	"	16K英语本(5本)	"1599890404776	"	"	"	无售后或售后取消	"777218191250254	"	申通快递	2024/5/28 19:48
莱特5本36页牛皮学生作业本16K学校统一语文练习本小学汉语拼音本	240528-551910193353028	已发货，待收货	"4.5	"	"0.0	"	"0.0	"	"0.0	"	"0.0	"	"4.5	"	"4.5	"	"1	"	2024/5/29 8:38	"	"	"609881478958	"	16K单线数学本(5本)	"1599890404780	"	"	"	无售后或售后取消	"777218191247194	"	申通快递	2024/5/28 19:25
莱特5本36页牛皮学生作业本16K学校统一语文练习本小学汉语拼音本	240528-117097131803079	已发货，待收货	"9.0	"	"0.0	"	"0.9	"	"3.0	"	"0.01	"	"5.1	"	"8.1	"	"2	"	2024/5/29 8:38	"	"	"609881478958	"	16K练习本(5本)	"1599890404782	"	"	"	无售后或售后取消	"777218191251089	"	申通快递	2024/5/28 19:17
莱特5本36页牛皮学生作业本16K学校统一语文练习本小学汉语拼音本	240528-298084002180082	已发货，待收货	"9.0	"	"0.0	"	"0.9	"	"0.0	"	"0.0	"	"8.1	"	"8.1	"	"2	"	2024/5/29 8:38	"	"	"609881478958	"	16K练习本(5本)	"1599890404782	"	"	"	无售后或售后取消	"777218191247054	"	申通快递	2024/5/28 18:43
莱特5本36页牛皮学生作业本16K学校统一语文练习本小学汉语拼音本	240528-560228022643809	已发货，待收货	"4.5	"	"0.0	"	"0.45	"	"0.0	"	"0.0	"	"4.05	"	"4.05	"	"1	"	2024/5/29 8:38	"	"	"609881478958	"	16K英语本(5本)	"1599890404776	"	"	"	无售后或售后取消	"777218191251326	"	申通快递	2024/5/28 18:24
莱特5本36页牛皮学生作业本16K学校统一语文练习本小学汉语拼音本	240528-474328676723809	已发货，待收货	"4.5	"	"0.0	"	"0.45	"	"0.0	"	"0.0	"	"4.05	"	"4.05	"	"1	"	2024/5/29 8:38	"	"	"609881478958	"	16K单线数学本(5本)	"1599890404780	"	"	"	无售后或售后取消	"777218191251326	"	申通快递	2024/5/28 18:24
莱特5本36页牛皮学生作业本16K学校统一语文练习本小学汉语拼音本	240528-302529984883809	已发货，待收货	"4.5	"	"0.0	"	"0.45	"	"0.0	"	"0.0	"	"4.05	"	"4.05	"	"1	"	2024/5/29 8:38	"	"	"609881478958	"	16K练习本(5本)	"1599890404782	"	"	"	无售后或售后取消	"777218191251326	"	申通快递	2024/5/28 18:24
莱特5本36页牛皮学生作业本16K学校统一语文练习本小学汉语拼音本	240528-216630638963809	已发货，待收货	"4.5	"	"0.0	"	"0.45	"	"0.0	"	"0.0	"	"4.05	"	"4.05	"	"1	"	2024/5/29 8:38	"	"	"609881478958	"	16K横线语文本(5本)	"1599890404772	"	"	"	无售后或售后取消	"777218191251326	"	申通快递	2024/5/28 18:24
莱特5本36页牛皮学生作业本16K学校统一语文练习本小学汉语拼音本	240528-130731293043809	已发货，待收货	"4.5	"	"0.0	"	"0.45	"	"0.0	"	"0.0	"	"4.05	"	"4.05	"	"1	"	2024/5/29 8:38	"	"	"609881478958	"	16K作文本300格(5本)	"1599890404771	"	"	"	无售后或售后取消	"777218191251326	"	申通快递	2024/5/28 18:24
莱特5本36页牛皮学生作业本16K学校统一语文练习本小学汉语拼音本	240528-006671582930401	已发货，待收货	"45.0	"	"0.0	"	"4.5	"	"0.0	"	"0.0	"	"40.5	"	"40.5	"	"10	"	2024/5/29 8:38	"	"	"609881478958	"	16K练习本(5本)	"1599890404782	"	"	"	无售后或售后取消	"777218191251211	"	申通快递	2024/5/28 17:16
莱特5本36页牛皮学生作业本16K学校统一语文练习本小学汉语拼音本	240528-481550671470963	已发货，待收货	"4.5	"	"0.0	"	"0.0	"	"0.0	"	"0.0	"	"4.5	"	"4.5	"	"1	"	2024/5/29 8:38	"	"	"609881478958	"	16K练习本(5本)	"1599890404782	"	"	"	无售后或售后取消	"777218191246863	"	申通快递	2024/5/28 17:07
莱特10本超厚400张草稿纸作业练习本学生空白大学生考研验算纸张	240528-028364009221273	已发货，待收货	"7.8	"	"0.0	"	"0.0	"	"0.0	"	"0.0	"	"7.8	"	"7.8	"	"1	"	2024/5/28 15:19	"	"	"612572388478	"	10本装/每本40张（400张）	"1596114591035	"	"	"	无售后或售后取消	"777218145237395	"	申通快递	2024/5/28 15:04
莱特5本36页牛皮学生作业本16K学校统一语文练习本小学汉语拼音本	240528-173036039851888	已发货，待收货	"27.0	"	"0.0	"	"2.7	"	"3.93	"	"0.0	"	"20.37	"	"24.3	"	"6	"	2024/5/28 15:19	"	"	"609881478958	"	16K方格语文本(5本)	"1599890404773	"	"	"	无售后或售后取消	"777218145237371	"	申通快递	2024/5/28 14:49
莱特5本36页牛皮学生作业本16K学校统一语文练习本小学汉语拼音本	240528-087136693931888	已发货，待收货	"27.0	"	"0.0	"	"2.7	"	"3.93	"	"0.0	"	"20.37	"	"24.3	"	"6	"	2024/5/28 15:19	"	"	"609881478958	"	16K练习本(5本)	"1599890404782	"	"	"	无售后或售后取消	"777218145237371	"	申通快递	2024/5/28 14:49
莱特5本36页牛皮学生作业本16K学校统一语文练习本小学汉语拼音本	240528-549972918571888	已发货，待收货	"18.0	"	"0.0	"	"1.8	"	"1.94	"	"0.0	"	"14.26	"	"16.2	"	"4	"	2024/5/28 15:19	"	"	"609881478958	"	16K方格语文本(5本)	"1599890404773	"	"	"	无售后或售后取消	"777218145237371	"	申通快递	2024/5/28 14:28
莱特5本36页牛皮学生作业本16K学校统一语文练习本小学汉语拼音本	240528-373817393573388	已发货，待收货	"45.0	"	"0.0	"	"4.5	"	"0.0	"	"0.0	"	"40.5	"	"40.5	"	"10	"	2024/5/28 14:28	"	"	"609881478958	"	16K单线数学本(5本)	"1599890404780	"	"	"	无售后或售后取消	"777218130943879	"	申通快递	2024/5/28 12:31
莱特5本36页牛皮学生作业本16K学校统一语文练习本小学汉语拼音本	240528-403429179631433	已发货，待收货	"4.5	"	"0.0	"	"0.0	"	"0.0	"	"0.0	"	"4.5	"	"4.5	"	"1	"	2024/5/28 14:28	"	"	"609881478958	"	16K单线数学本(5本)	"1599890404780	"	"	"	无售后或售后取消	"777218130943363	"	申通快递	2024/5/28 10:18
莱特5本36页牛皮学生作业本16K学校统一语文练习本小学汉语拼音本	240528-046881913060277	已发货，待收货	"9.0	"	"0.0	"	"0.9	"	"0.0	"	"0.0	"	"8.1	"	"8.1	"	"2	"	2024/5/28 14:28	"	"	"609881478958	"	16K英语本(5本)	"1599890404776	"	"	"	无售后或售后取消	"777218130944058	"	申通快递	2024/5/28 9:27
莱特5本36页牛皮学生作业本16K学校统一语文练习本小学汉语拼音本	240528-116832418221815	已取消	"4.5	"	"0.0	"	"0.0	"	"0.0	"	"0.0	"	"4.5	"	"4.5	"	"1	"	"	"	"	"	"609881478958	"	16K横线语文本(5本)	"1599890404772	"	"	"	无售后或售后取消	"	"	"	"	"	"
莱特5本36页牛皮学生作业本16K学校统一语文练习本小学汉语拼音本	240528-554004651651809	未发货，退款成功	"4.5	"	"0.0	"	"0.0	"	"0.44	"	"0.0	"	"4.06	"	"4.5	"	"1	"	"	"	"	"	"609881478958	"	16K生字本(5本)	"1599890404781	"	"	"	退款成功	"	"	"	"	2024/5/28 6:28
莱特5本36页牛皮学生作业本16K学校统一语文练习本学生汉语拼音本	240527-257991698620344	已发货，待收货	"4.5	"	"0.0	"	"0.0	"	"0.0	"	"0.0	"	"4.5	"	"4.5	"	"1	"	2024/5/28 14:28	"	"	"612517929146	"	生字本(5本)	"1596013749702	"	"	"	无售后或售后取消	"777218130948469	"	申通快递	2024/5/27 23:50
莱特5本36页牛皮学生作业本16K学校统一语文练习本小学汉语拼音本	240527-566818270891974	已发货，待收货	"4.5	"	"0.0	"	"0.0	"	"0.0	"	"0.0	"	"4.5	"	"4.5	"	"1	"	2024/5/28 14:28	"	"	"609881478958	"	16K练习本(5本)	"1599890404782	"	"	"	无售后或售后取消	"777218130943867	"	申通快递	2024/5/27 23:39
莱特5本36页牛皮学生作业本16K学校统一语文练习本小学汉语拼音本	240527-313172989753827	已发货，待收货	"4.5	"	"0.0	"	"0.0	"	"0.0	"	"0.0	"	"4.5	"	"4.5	"	"1	"	2024/5/28 14:28	"	"	"609881478958	"	16K横线语文本(5本)	"1599890404772	"	"	"	无售后或售后取消	"777218130944204	"	申通快递	2024/5/27 22:45
莱特5本36页牛皮学生作业本16K学校统一语文练习本小学汉语拼音本	240527-656036339230578	已发货，待收货	"4.5	"	"0.0	"	"0.0	"	"0.0	"	"0.0	"	"4.5	"	"4.5	"	"1	"	2024/5/28 14:28	"	"	"609881478958	"	16K英语本(5本)	"1599890404776	"	"	"	无售后或售后取消	"777218130948380	"	申通快递	2024/5/27 22:24
莱特5本36页牛皮学生作业本16K学校统一语文练习本小学汉语拼音本	240527-576223987230578	已取消	"4.5	"	"0.0	"	"0.0	"	"0.0	"	"0.0	"	"4.5	"	"4.5	"	"1	"	"	"	"	"	"609881478958	"	16K英语本(5本)	"1599890404776	"	"	"	无售后或售后取消	"	"	"	"	"	"
莱特5本36页牛皮学生作业本16K学校统一语文练习本小学汉语拼音本	240527-624788826432710	已发货，待收货	"18.0	"	"0.0	"	"1.8	"	"0.0	"	"0.0	"	"16.2	"	"16.2	"	"4	"	2024/5/28 14:28	"	"	"609881478958	"	16K英语本(5本)	"1599890404776	"	"	"	无售后或售后取消	"777218130944022	"	申通快递	2024/5/27 22:09
莱特5本36页牛皮学生作业本16K学校统一语文练习本小学汉语拼音本	240527-399182477482861	已发货，待收货	"4.5	"	"0.0	"	"0.0	"	"0.45	"	"0.0	"	"4.05	"	"4.5	"	"1	"	2024/5/28 14:28	"	"	"609881478958	"	16K生字本(5本)	"1599890404781	"	"	"	无售后或售后取消	"777218130943510	"	申通快递	2024/5/27 21:47
莱特5本36页牛皮学生作业本16K学校统一语文练习本小学汉语拼音本	240527-169643886282430	已发货，待收货	"4.5	"	"0.0	"	"0.0	"	"0.0	"	"0.0	"	"4.5	"	"4.5	"	"1	"	2024/5/28 14:28	"	"	"609881478958	"	16K方格语文本(5本)	"1599890404773	"	"	"	无售后或售后取消	"777218130948317	"	申通快递	2024/5/27 21:05
莱特5本36页牛皮学生作业本16K学校统一语文练习本学生汉语拼音本	240527-415120791082148	已发货，待收货	"4.5	"	"0.0	"	"0.0	"	"0.0	"	"0.0	"	"4.5	"	"4.5	"	"1	"	2024/5/28 14:28	"	"	"612517929146	"	生字本(5本)	"1596013749702	"	"	"	无售后或售后取消	"777218130943650	"	申通快递	2024/5/27 21:02
莱特5本36页牛皮学生作业本16K学校统一语文练习本小学汉语拼音本	240527-456550060471058	已发货，待收货	"9.0	"	"0.0	"	"0.9	"	"0.0	"	"0.0	"	"8.1	"	"8.1	"	"2	"	2024/5/28 14:28	"	"	"609881478958	"	16K横线语文本(5本)	"1599890404772	"	"	"	无售后或售后取消	"777218130943648	"	申通快递	2024/5/27 21:01
莱特5本36页牛皮学生作业本16K学校统一语文练习本学生汉语拼音本	240527-374981333162148	已取消	"22.5	"	"0.0	"	"2.25	"	"0.0	"	"0.0	"	"20.25	"	"20.25	"	"5	"	"	"	"	"	"612517929146	"	生字本(5本)	"1596013749702	"	"	"	无售后或售后取消	"	"	"	"	"	"
莱特5本36页牛皮学生作业本16K学校统一语文练习本小学汉语拼音本	240527-490256494180277	已发货，待收货	"9.0	"	"0.0	"	"0.9	"	"0.0	"	"0.0	"	"8.1	"	"8.1	"	"2	"	2024/5/28 14:28	"	"	"609881478958	"	16K单线数学本(5本)	"1599890404780	"	"	"	无售后或售后取消	"777218130944058	"	申通快递	2024/5/27 21:01
莱特5本36页牛皮学生作业本16K学校统一语文练习本学生汉语拼音本	240527-126332496042148	已取消	"4.5	"	"0.0	"	"0.0	"	"3.0	"	"0.0	"	"1.5	"	"4.5	"	"1	"	"	"	"	"	"612517929146	"	生字本(5本)	"1596013749702	"	"	"	无售后或售后取消	"	"	"	"	"	"
莱特5本36页牛皮学生作业本16K学校统一语文练习本小学汉语拼音本	240527-297449582180277	已发货，待收货	"9.0	"	"0.0	"	"0.9	"	"0.97	"	"0.0	"	"7.13	"	"8.1	"	"2	"	2024/5/28 14:28	"	"	"609881478958	"	16K方格语文本(5本)	"1599890404773	"	"	"	无售后或售后取消	"777218130944058	"	申通快递	2024/5/27 20:55
莱特5本36页牛皮学生作业本16K学校统一语文练习本小学汉语拼音本	240527-189441042660277	已取消	"4.5	"	"0.0	"	"0.0	"	"0.0	"	"0.0	"	"4.5	"	"4.5	"	"1	"	"	"	"	"	"609881478958	"	16K方格语文本(5本)	"1599890404773	"	"	"	无售后或售后取消	"	"	"	"	"	"
莱特5本36页牛皮学生作业本16K学校统一语文练习本小学汉语拼音本	240527-602448873022601	已发货，待收货	"4.5	"	"0.0	"	"0.0	"	"0.0	"	"0.0	"	"4.5	"	"4.5	"	"1	"	2024/5/28 14:28	"	"	"609881478958	"	16K横线语文本(5本)	"1599890404772	"	"	"	无售后或售后取消	"777218130948299	"	申通快递	2024/5/27 19:49
莱特5本36页牛皮学生作业本16K学校统一语文练习本小学汉语拼音本	240527-563504812260678	已发货，待收货	"4.5	"	"0.0	"	"0.0	"	"0.54	"	"0.0	"	"3.96	"	"4.5	"	"1	"	2024/5/28 14:28	"	"	"609881478958	"	16K作文本300格(5本)	"1599890404771	"	"	"	无售后或售后取消	"777218130943605	"	申通快递	2024/5/27 19:37
莱特5本36页牛皮学生作业本16K学校统一语文练习本学生汉语拼音本	240527-449771006242970	已发货，待收货	"4.5	"	"0.0	"	"0.0	"	"0.0	"	"0.0	"	"4.5	"	"4.5	"	"1	"	2024/5/28 14:28	"	"	"612517929146	"	生字本(5本)	"1596013749702	"	"	"	无售后或售后取消	"777218130943885	"	申通快递	2024/5/27 18:47
莱特5本36页牛皮学生作业本16K学校统一语文练习本小学汉语拼音本	240527-564946573053506	已发货，待收货	"4.5	"	"0.0	"	"0.0	"	"0.0	"	"0.0	"	"4.5	"	"4.5	"	"1	"	2024/5/28 14:28	"	"	"609881478958	"	16K方格语文本(5本)	"1599890404773	"	"	"	无售后或售后取消	"777218130947361	"	申通快递	2024/5/27 18:40
莱特10本加厚16K大号学校统一学生作业本小学汉语拼音本纠错本	240527-513241290263526	已发货，待收货	"6.8	"	"0.0	"	"0.0	"	"0.0	"	"0.0	"	"6.8	"	"6.8	"	"1	"	2024/5/29 8:38	"	"	"607820221890	"	32K数学本(10本)	"1596346464013	"	"	"	无售后或售后取消	"777218191250308	"	申通快递	2024/5/28 15:56
莱特5本36页牛皮学生作业本16K学校统一语文练习本学生汉语拼音本	240527-345878085950394	已发货，待收货	"4.5	"	"0.0	"	"0.0	"	"0.0	"	"0.0	"	"4.5	"	"4.5	"	"1	"	2024/5/28 14:28	"	"	"612517929146	"	练习本(5本)	"1596013749703	"	"	"	无售后或售后取消	"777218130944095	"	申通快递	2024/5/27 17:34
莱特10本超厚400张草稿纸作业练习本学生空白大学生考研验算纸张	240527-100804923722069	已发货，待收货	"7.8	"	"0.0	"	"0.0	"	"0.0	"	"0.0	"	"7.8	"	"7.8	"	"1	"	2024/5/27 16:32	"	"	"612572388478	"	10本装/每本40张（400张）	"1596114591035	"	用户备注：请发货厚实的草稿本，谢谢！	无售后或售后取消	"777217488814484	"	申通快递	2024/5/27 15:13
莱特5本36页牛皮学生作业本16K学校统一语文练习本学生汉语拼音本	240527-683818391282209	已发货，待收货	"4.5	"	"0.0	"	"0.45	"	"0.0	"	"0.0	"	"4.05	"	"4.05	"	"1	"	2024/5/27 13:22	"	"	"612517929146	"	汉语拼音本(5本)	"1596013749705	"	"	"	无售后或售后取消	"777217598982855	"	申通快递	2024/5/27 13:19
莱特5本36页牛皮学生作业本16K学校统一语文练习本学生汉语拼音本	240527-512019699442209	已发货，待收货	"4.5	"	"0.0	"	"0.45	"	"0.0	"	"0.0	"	"4.05	"	"4.05	"	"1	"	2024/5/27 13:22	"	"	"612517929146	"	练习本(5本)	"1596013749703	"	"	"	无售后或售后取消	"777217598982855	"	申通快递	2024/5/27 13:19
莱特5本36页牛皮学生作业本16K学校统一语文练习本学生汉语拼音本	240527-340221007602209	已发货，待收货	"4.5	"	"0.0	"	"0.45	"	"0.0	"	"0.0	"	"4.05	"	"4.05	"	"1	"	2024/5/27 13:22	"	"	"612517929146	"	方格语文本(5本)	"1596013749694	"	"	"	无售后或售后取消	"777217598982855	"	申通快递	2024/5/27 13:19
莱特5本36页牛皮学生作业本16K学校统一语文练习本学生汉语拼音本	240527-004676687602209	已发货，待收货	"4.5	"	"0.0	"	"0.45	"	"0.0	"	"0.0	"	"4.05	"	"4.05	"	"1	"	2024/5/27 13:22	"	"	"612517929146	"	英语本(5本)	"1596013749697	"	"	"	无售后或售后取消	"777217598982855	"	申通快递	2024/5/27 13:19
莱特5本36页牛皮学生作业本16K学校统一语文练习本学生汉语拼音本	240527-179642078962209	未发货，退款成功	"4.5	"	"0.0	"	"0.0	"	"0.0	"	"0.0	"	"4.5	"	"4.5	"	"1	"	"	"	"	"	"612517929146	"	单线数学本(5本)	"1596013749701	"	"	"	退款成功	"	"	"	"	2024/5/27 13:16
莱特5本36页牛皮学生作业本16K学校统一语文练习本小学汉语拼音本	240527-610538657312281	已发货，待收货	"4.5	"	"0.0	"	"0.0	"	"0.0	"	"0.0	"	"4.5	"	"4.5	"	"1	"	2024/5/27 13:22	"	"	"609881478958	"	16K作文本300格(5本)	"1599890404771	"	"	"	无售后或售后取消	"777217598981870	"	申通快递	2024/5/27 12:02
莱特16K活页记账本财务账簿收支单出纳出入库存账薄财会明细本	240527-575448041150596	已收货	"23.4	"	"0.0	"	"2.34	"	"2.1	"	"0.0	"	"18.96	"	"21.06	"	"2	"	2024/5/27 13:22	2024/5/28 17:54	"609244903731	"	16K库存商品明细分类账	"1593728670886	"	"	"	无售后或售后取消	"777217598973628	"	申通快递	2024/5/27 11:32
莱特5本36页牛皮学生作业本16K学校统一语文练习本小学汉语拼音本	240527-471376935340686	已发货，待收货	"9.0	"	"0.0	"	"0.9	"	"0.0	"	"0.0	"	"8.1	"	"8.1	"	"2	"	2024/5/27 8:05	"	"	"609881478958	"	16K作文本300格(5本)	"1599890404771	"	"	"	无售后或售后取消	"777217600630710	"	申通快递	2024/5/27 5:17
莱特5本36页牛皮学生作业本16K学校统一语文练习本小学汉语拼音本	240526-533161582121193	未发货，退款成功	"4.5	"	"0.0	"	"0.45	"	"0.0	"	"0.0	"	"4.05	"	"4.05	"	"1	"	"	"	"	"	"609881478958	"	16K田字本(5本)	"1599890404778	"	"	"	退款成功	"	"	"	"	2024/5/26 23:20
莱特5本36页牛皮学生作业本16K学校统一语文练习本小学汉语拼音本	240526-447262236201193	未发货，退款成功	"4.5	"	"0.0	"	"0.45	"	"0.0	"	"0.0	"	"4.05	"	"4.05	"	"1	"	"	"	"	"	"609881478958	"	16K生字本(5本)	"1599890404781	"	"	"	退款成功	"	"	"	"	2024/5/26 23:20
莱特5本36页牛皮学生作业本16K学校统一语文练习本小学汉语拼音本	240526-103664852521193	未发货，退款成功	"4.5	"	"0.0	"	"0.45	"	"0.0	"	"0.0	"	"4.05	"	"4.05	"	"1	"	"	"	"	"	"609881478958	"	16K读书笔记本(5本)	"1599890404785	"	"	"	退款成功	"	"	"	"	2024/5/26 23:20
莱特5本36页牛皮学生作业本16K学校统一语文练习本学生汉语拼音本	240526-397614814901072	已发货，待收货	"9.0	"	"0.0	"	"0.9	"	"0.0	"	"0.0	"	"8.1	"	"8.1	"	"2	"	2024/5/27 8:05	"	"	"612517929146	"	英语本(5本)	"1596013749697	"	"	"	无售后或售后取消	"777217600629477	"	申通快递	2024/5/26 20:16
莱特5本加厚200页B5学生笔记本办公记事本白领工作记录本子笔记本	240526-294212083243950	已发货，待收货	"8.4	"	"0.0	"	"0.0	"	"0.0	"	"0.0	"	"8.4	"	"8.4	"	"1	"	2024/5/27 8:05	"	"	"608059073339	"	B5五本（每本40张）	"1593732323446	"	"	"	无售后或售后取消	"777217600629969	"	申通快递	2024/5/26 18:57
莱特5本加厚200页B5学生笔记本办公记事本白领工作记录本子笔记本	240526-211479467563950	已取消	"8.4	"	"0.0	"	"0.0	"	"0.0	"	"0.0	"	"8.4	"	"8.4	"	"1	"	"	"	"	"	"608059073339	"	B5五本（每本40张）	"1593732323446	"	"	"	无售后或售后取消	"	"	"	"	"	"
莱特5本加厚500张B5学生笔记本清仓处理A5办公记事本工作日志本子	240526-357097869710846	已发货，待收货	"17.8	"	"0.0	"	"0.0	"	"0.0	"	"0.0	"	"17.8	"	"17.8	"	"1	"	2024/5/27 8:05	"	"	"613484523608	"	B5五本（每本80张）	"1597016278370	"	"	"	无售后或售后取消	"777217600629544	"	申通快递	2024/5/26 18:41
莱特5本36页牛皮学生作业本16K学校统一语文练习本小学汉语拼音本	240526-361803364601004	已发货，待收货	"4.5	"	"0.0	"	"0.0	"	"0.0	"	"0.0	"	"4.5	"	"4.5	"	"1	"	2024/5/27 8:05	"	"	"609881478958	"	16K读书笔记本(5本)	"1599890404785	"	"	"	无售后或售后取消	"777217600629751	"	申通快递	2024/5/26 18:27
莱特5本36页牛皮学生作业本16K学校统一语文练习本小学汉语拼音本	240526-289905067641004	已发货，待收货	"4.5	"	"0.0	"	"0.0	"	"0.0	"	"0.0	"	"4.5	"	"4.5	"	"1	"	2024/5/27 8:05	"	"	"609881478958	"	16K作文本300格(5本)	"1599890404771	"	"	"	无售后或售后取消	"777217600629751	"	申通快递	2024/5/26 18:26
莱特5本加厚200页B5学生笔记本办公记事本白领工作记录本子笔记本	240526-591459796582411	已取消	"11.7	"	"0.0	"	"0.0	"	"0.0	"	"0.0	"	"11.7	"	"11.7	"	"1	"	"	"	"	"	"608059073339	"	A5五本（每本100张）	"1593732323453	"	"	"	无售后或售后取消	"	"	"	"	"	"
莱特10本学校统一语文作业本学前班写字本小学一年级算术本练字本	240526-051264940313746	未发货，退款成功	"8.3	"	"0.0	"	"0.0	"	"0.0	"	"0.0	"	"8.3	"	"8.3	"	"1	"	"	"	"	"	"608456990700	"	拼音本（10本横版）	"1591039126435	"	"	"	退款成功	"	"	"	"	2024/5/26 13:07
莱特10本加厚16K大号学校统一学生作业本小学汉语拼音本纠错本	240526-536671700653396	已发货，待收货	"21.0	"	"0.0	"	"2.1	"	"4.73	"	"0.0	"	"14.17	"	"18.9	"	"2	"	2024/5/27 8:05	"	"	"607820221890	"	16K生字本(10本)	"1596347489469	"	"	"	无售后或售后取消	"777217600629355	"	申通快递	2024/5/26 10:54
莱特5本36页牛皮学生作业本16K学校统一语文练习本小学汉语拼音本	240526-046661649920055	已发货，待收货	"4.5	"	"0.0	"	"0.0	"	"0.0	"	"0.0	"	"4.5	"	"4.5	"	"1	"	2024/5/27 8:05	"	"	"609881478958	"	16K汉语拼音本(5本)	"1599890404784	"	"	"	无售后或售后取消	"777217600629994	"	申通快递	2024/5/26 10:35
莱特5本36页牛皮学生作业本16K学校统一语文练习本小学汉语拼音本	240526-056633597510688	已发货，待收货	"18.0	"	"0.0	"	"1.8	"	"3.24	"	"0.01	"	"12.96	"	"16.2	"	"4	"	2024/5/27 8:05	"	"	"609881478958	"	16K英语本(5本)	"1599890404776	"	"	"	无售后或售后取消	"777217600628903	"	申通快递	2024/5/26 10:24
莱特5本36页牛皮学生作业本16K学校统一语文练习本小学汉语拼音本	240526-006480279794086	已发货，待收货	"9.0	"	"0.0	"	"0.9	"	"0.0	"	"0.01	"	"8.1	"	"8.1	"	"2	"	2024/5/27 8:05	"	"	"609881478958	"	16K作文本300格(5本)	"1599890404771	"	"	"	无售后或售后取消	"777217600630563	"	申通快递	2024/5/26 10:17
莱特5本36页牛皮学生作业本16K学校统一语文练习本小学汉语拼音本	240525-081002534660548	已发货，待收货	"4.5	"	"0.0	"	"0.0	"	"0.0	"	"0.0	"	"4.5	"	"4.5	"	"1	"	2024/5/27 8:05	"	"	"609881478958	"	16K作文本300格(5本)	"1599890404771	"	"	"	无售后或售后取消	"777217600628812	"	申通快递	2024/5/25 19:58
莱特5本加厚A4学生笔记本B5办公商务记事本大学生课堂笔记草稿本	240525-080048351570353	已发货，待收货	"6.9	"	"0.0	"	"0.0	"	"0.0	"	"0.0	"	"6.9	"	"6.9	"	"1	"	2024/5/27 8:05	"	"	"614857205457	"	A5混色5本装（每本28张）	"1598292611656	"	"	"	无售后或售后取消	"777217600629301	"	申通快递	2024/5/25 18:47
莱特5本36页牛皮学生作业本16K学校统一语文练习本小学汉语拼音本	240525-518164354852874	已取消	"4.5	"	"0.0	"	"0.0	"	"0.0	"	"0.0	"	"4.5	"	"4.5	"	"1	"	"	"	"	"	"609881478958	"	16K方格语文本(5本)	"1599890404773	"	"	"	无售后或售后取消	"	"	"	"	"	"
莱特5本36页牛皮学生作业本16K学校统一语文练习本学生汉语拼音本	240525-348410365491095	已发货，待收货	"9.0	"	"0.0	"	"0.9	"	"0.56	"	"0.0	"	"7.54	"	"8.1	"	"2	"	2024/5/27 8:05	"	"	"612517929146	"	双线数学本(5本)	"1596013749700	"	"	"	无售后或售后取消	"777217600628939	"	申通快递	2024/5/25 15:59
莱特5本36页牛皮学生作业本16K学校统一语文练习本小学汉语拼音本	240525-620112145971095	已发货，待收货	"9.0	"	"0.0	"	"0.9	"	"0.48	"	"0.0	"	"7.62	"	"8.1	"	"2	"	2024/5/27 8:05	"	"	"609881478958	"	16K田字本(5本)	"1599890404778	"	"	"	无售后或售后取消	"777217600628939	"	申通快递	2024/5/25 15:55
莱特10本超厚400张草稿纸作业练习本学生空白大学生考研验算纸张	240525-343681277481212	已发货，待收货	"4.4	"	"0.0	"	"0.0	"	"0.0	"	"0.0	"	"4.4	"	"4.4	"	"1	"	2024/5/25 14:04	"	"	"612572388478	"	5本装/每本40张（共200张）	"1596114591034	"	"	"	无售后或售后取消	"777217956162445	"	申通快递	2024/5/25 11:54
莱特5本36页牛皮学生作业本16K学校统一语文练习本小学汉语拼音本	240525-579652840970760	已发货，待收货	"4.5	"	"0.0	"	"0.0	"	"0.0	"	"0.0	"	"4.5	"	"4.5	"	"1	"	2024/5/25 14:04	"	"	"609881478958	"	16K练习本(5本)	"1599890404782	"	"	"	无售后或售后取消	"777217956162427	"	申通快递	2024/5/25 10:28
10本加厚400张高中草稿纸初中练习本大学生考研笔记数学验算本	240525-534700377883521	已发货，待收货	"4.4	"	"0.0	"	"0.0	"	"0.0	"	"0.0	"	"4.4	"	"4.4	"	"1	"	2024/5/25 14:04	"	"	"612578900751	"	5本装/每本40张共200张	"1596105695784	"	"	"	无售后或售后取消	"777217956162476	"	申通快递	2024/5/25 10:26
莱特5本36页牛皮学生作业本16K学校统一语文练习本小学汉语拼音本	240524-061478039112538	已发货，待收货	"4.5	"	"0.0	"	"0.0	"	"0.0	"	"0.0	"	"4.5	"	"4.5	"	"1	"	2024/5/25 14:04	"	"	"609881478958	"	16K汉语拼音本(5本)	"1599890404784	"	用户备注：发3个汉语拼音本?2个英语本	无售后或售后取消	"777217956163056	"	申通快递	2024/5/24 21:26
莱特16K活页记账本财务账簿收支单出纳出入库存账薄财会明细本	240524-024714954503557	已取消	"11.7	"	"0.0	"	"0.0	"	"0.0	"	"0.0	"	"11.7	"	"11.7	"	"1	"	"	"	"	"	"609244903731	"	16K实物出入账	"1593728237734	"	"	"	无售后或售后取消	"	"	"	"	"	"
莱特16K活页记账本财务账簿收支单出纳出入库存账薄财会明细本	240524-640433538823557	已收货	"117.0	"	"0.0	"	"11.7	"	"0.0	"	"0.0	"	"105.3	"	"105.3	"	"10	"	2024/5/24 14:47	2024/5/27 14:43	"609244903731	"	16K实物出入账	"1593728237734	"	"	"	无售后或售后取消	"777217430997869	"	申通快递	2024/5/24 14:13
莱特5本加厚500张B5学生笔记本清仓处理A5办公记事本工作日志本子	240524-021543011961818	未发货，退款成功	"9.8	"	"0.0	"	"0.0	"	"0.0	"	"0.0	"	"9.8	"	"9.8	"	"1	"	"	"	"	"	"613484523608	"	B5五本（每本100张）	"1597016278371	"	"	"	退款成功	"	"	"	"	2024/5/24 13:00
莱特5本加厚500张B5学生笔记本清仓处理A5办公记事本工作日志本子	240524-559782367401205	已发货，待收货	"19.6	"	"0.0	"	"1.96	"	"0.0	"	"0.0	"	"17.64	"	"17.64	"	"2	"	2024/5/24 13:40	"	"	"613484523608	"	B5五本（每本100张）	"1597016278371	"	"	"	无售后或售后取消	"777217367014665	"	申通快递	2024/5/24 11:43
莱特5本加厚500张B5学生笔记本清仓处理A5办公记事本工作日志本子	240524-480798348983321	已发货，待收货	"9.8	"	"0.0	"	"0.0	"	"0.0	"	"0.0	"	"9.8	"	"9.8	"	"1	"	2024/5/24 13:40	"	"	"613484523608	"	B5五本（每本100张）	"1597016278371	"	"	"	无售后或售后取消	"777217367013678	"	申通快递	2024/5/24 10:43
莱特10本加厚16K大号学校统一学生作业本小学汉语拼音本纠错本	240524-283624087120260	已发货，待收货	"6.4	"	"0.0	"	"0.0	"	"0.9	"	"0.01	"	"5.5	"	"6.4	"	"1	"	2024/5/24 13:40	"	"	"607820221890	"	16K练习本(5本)	"1596281800006	"	"	"	无售后或售后取消	"777217367014878	"	申通快递	2024/5/24 10:09
莱特16K活页记账本财务账簿收支单出纳出入库存账薄财会明细本	240524-614591435020297	已发货，待收货	"28.8	"	"0.0	"	"2.88	"	"0.0	"	"0.0	"	"25.92	"	"25.92	"	"4	"	2024/5/24 13:40	"	"	"609244903731	"	25K现金日记账	"1593728237728	"	"	"	无售后或售后取消	"777217367014702	"	申通快递	2024/5/24 9:08
莱特5本加厚500张B5学生笔记本清仓处理A5办公记事本工作日志本子	240524-091462090953190	已收货	"9.8	"	"0.0	"	"0.0	"	"0.98	"	"0.0	"	"8.82	"	"9.8	"	"1	"	2024/5/24 13:40	2024/5/25 21:49	"613484523608	"	B5五本（每本100张）	"1597016278371	"	"	"	无售后或售后取消	"777217367014684	"	申通快递	2024/5/24 8:27
莱特5本加厚200页B5学生笔记本办公记事本白领工作记录本子笔记本	240524-178273728820169	已发货，待收货	"40.8	"	"0.0	"	"4.08	"	"0.0	"	"0.0	"	"36.72	"	"36.72	"	"4	"	2024/5/24 13:40	"	"	"608059073339	"	A5五本（每本80张）	"1593732323452	"	"	"	无售后或售后取消	"777217367014714	"	申通快递	2024/5/24 7:10
莱特5本加厚500张B5学生笔记本清仓处理A5办公记事本工作日志本子	240524-248895291621948	未发货，退款成功	"9.8	"	"0.0	"	"0.0	"	"0.0	"	"0.0	"	"9.8	"	"9.8	"	"1	"	"	"	"	"	"613484523608	"	B5五本（每本100张）	"1597016278371	"	"	"	退款成功	"	"	"	"	2024/5/24 6:38
莱特5本加厚500张B5学生笔记本清仓处理A5办公记事本工作日志本子	240524-214412848950763	已取消	"19.6	"	"0.0	"	"1.96	"	"0.0	"	"0.0	"	"17.64	"	"17.64	"	"2	"	"	"	"	"	"613484523608	"	B5五本（每本100张）	"1597016278371	"	"	"	无售后或售后取消	"	"	"	"	"	"
莱特10本加厚16K大号学校统一学生作业本小学汉语拼音本纠错本	240524-159991795900917	未发货，退款成功	"13.36	"	"0.0	"	"0.0	"	"0.0	"	"0.0	"	"13.36	"	"13.36	"	"1	"	"	"	"	"	"607820221890	"	16K作文本(10本)	"1596346464020	"	"	"	退款成功	"	"	"	"	2024/5/24 0:19
莱特10本加厚16K大号学校统一学生作业本小学汉语拼音本纠错本	240523-229155827281669	已取消	"8.41	"	"0.0	"	"0.0	"	"0.0	"	"0.0	"	"8.41	"	"8.41	"	"1	"	"	"	"	"	"607820221890	"	16K数学双线本(5本)	"1596281800004	"	"	"	无售后或售后取消	"	"	"	"	"	"
莱特5本36页牛皮学生作业本16K学校统一语文练习本小学汉语拼音本	240523-563200735523208	已收货	"4.5	"	"0.0	"	"0.0	"	"3.0	"	"0.01	"	"1.5	"	"4.5	"	"1	"	2024/5/24 13:40	2024/5/26 12:23	"609881478958	"	16K英语本(5本)	"1599890404776	"	"	"	无售后或售后取消	"777217367013186	"	申通快递	2024/5/23 22:18
莱特10本加厚16K大号学校统一学生作业本小学汉语拼音本纠错本	240523-094230341981037	已发货，待收货	"6.86	"	"0.0	"	"0.0	"	"0.0	"	"0.0	"	"6.86	"	"6.86	"	"1	"	2024/5/24 13:40	"	"	"607820221890	"	32K数学本(10本)	"1596346464013	"	"	"	无售后或售后取消	"777217367014672	"	申通快递	2024/5/23 21:04
莱特5本36页牛皮学生作业本16K学校统一语文练习本小学汉语拼音本	240523-595575519440833	已收货	"9.0	"	"0.0	"	"0.9	"	"0.0	"	"0.0	"	"8.1	"	"8.1	"	"2	"	2024/5/24 13:40	2024/5/28 11:22	"609881478958	"	16K方格语文本(5本)	"1599890404773	"	"	"	无售后或售后取消	"777217367014829	"	申通快递	2024/5/23 20:36
莱特5本36页牛皮学生作业本16K学校统一语文练习本小学汉语拼音本	240523-251978135760833	已收货	"9.0	"	"0.0	"	"0.9	"	"0.0	"	"0.0	"	"8.1	"	"8.1	"	"2	"	2024/5/24 13:40	2024/5/28 11:22	"609881478958	"	16K汉语拼音本(5本)	"1599890404784	"	"	"	无售后或售后取消	"777217367014829	"	申通快递	2024/5/23 20:36
莱特10本加厚16K大号学校统一学生作业本小学汉语拼音本纠错本	240523-458542334140917	已取消	"13.36	"	"0.0	"	"0.0	"	"0.0	"	"0.0	"	"13.36	"	"13.36	"	"1	"	"	"	"	"	"607820221890	"	16K作文本(10本)	"1596346464020	"	"	"	无售后或售后取消	"	"	"	"	"	"
莱特10本加厚16K大号学校统一学生作业本小学汉语拼音本纠错本	240523-008556418620917	已取消	"13.36	"	"0.0	"	"0.0	"	"0.0	"	"0.0	"	"13.36	"	"13.36	"	"1	"	"	"	"	"	"607820221890	"	16K作文本(10本)	"1596346464020	"	"	"	无售后或售后取消	"	"	"	"	"	"
莱特10本超厚400张草稿纸作业练习本学生空白大学生考研验算纸张	240523-195045660262002	已发货，待收货	"4.4	"	"0.0	"	"0.0	"	"0.0	"	"0.0	"	"4.4	"	"4.4	"	"1	"	2024/5/23 14:19	"	"	"612572388478	"	5本装/每本40张（共200张）	"1596114591034	"	"	"	无售后或售后取消	"777216992826645	"	申通快递	2024/5/23 14:06
莱特5本加厚500张B5学生笔记本清仓处理A5办公记事本工作日志本子	240523-067444436643372	未发货，退款成功	"8.1	"	"0.0	"	"0.0	"	"0.0	"	"0.0	"	"8.1	"	"8.1	"	"1	"	"	"	"	"	"613484523608	"	A5五本（每本80张）	"1597016278374	"	"	"	退款成功	"	"	"	"	2024/5/23 14:05
莱特5本加厚500张B5学生笔记本清仓处理A5办公记事本工作日志本子	240523-361391788403089	已发货，退款成功	"5.9	"	"0.0	"	"0.0	"	"0.0	"	"0.0	"	"5.9	"	"5.9	"	"1	"	2024/5/23 13:26	"	"	"613484523608	"	B5五本（每本40张）	"1597016278368	"	"	"	退款成功	"777216938192682	"	申通快递	2024/5/23 12:58
莱特5本加厚500张B5学生笔记本清仓处理A5办公记事本工作日志本子	240523-021223216833958	已收货	"8.9	"	"0.0	"	"0.0	"	"0.0	"	"0.01	"	"8.9	"	"8.9	"	"1	"	2024/5/23 13:26	2024/5/27 12:01	"613484523608	"	B5五本（每本80张）	"1597016278370	"	"	"	无售后或售后取消	"777216938195881	"	申通快递	2024/5/23 12:49
莱特活页记账本财务账簿收支单出纳出入库存账薄财会明细本	240523-435001813231762	已发货，退款成功	"7.2	"	"0.0	"	"0.0	"	"0.0	"	"0.0	"	"7.2	"	"7.2	"	"1	"	2024/5/23 13:26	"	"	"609244903731	"	25K总分类张	"1593728237730	"	"	"	退款成功	"777216938192426	"	申通快递	2024/5/23 12:43
莱特5本加厚500张B5学生笔记本清仓处理A5办公记事本工作日志本子	240523-086512781043089	未发货，退款成功	"11.8	"	"0.0	"	"1.18	"	"0.0	"	"0.0	"	"10.62	"	"10.62	"	"2	"	"	"	"	"	"613484523608	"	B5五本（每本40张）	"1597016278368	"	"	"	退款成功	"	"	"	"	2024/5/23 10:36
莱特活页记账本财务账簿收支单出纳出入库存账薄财会明细本	240523-110750604800996	已发货，待收货	"11.7	"	"0.0	"	"0.0	"	"0.0	"	"0.01	"	"11.7	"	"11.7	"	"1	"	2024/5/23 10:33	"	"	"609244903731	"	16K实物出入账	"1593728237734	"	"	"	无售后或售后取消	"777217075923879	"	申通快递	2024/5/23 8:59
莱特10本加厚16K大号学校统一学生作业本小学汉语拼音本纠错本	240523-249125998991843	已发货，待收货	"6.73	"	"0.0	"	"0.0	"	"0.0	"	"0.0	"	"6.73	"	"6.73	"	"1	"	2024/5/23 8:47	"	"	"607820221890	"	32K数学本(5本)	"1593039293506	"	"	"	无售后或售后取消	"777217036868047	"	申通快递	2024/5/23 7:03
莱特10本加厚16K大号学校统一学生作业本小学汉语拼音本纠错本	240523-319406815401557	已取消	"13.36	"	"0.0	"	"0.0	"	"1.33	"	"0.0	"	"12.03	"	"13.36	"	"1	"	"	"	"	"	"607820221890	"	16K生字本(10本)	"1596347489469	"	"	"	无售后或售后取消	"	"	"	"	"	"
莱特活页记账本财务账簿收支单出纳出入库存账薄财会明细本	240522-551052972191893	已发货，待收货	"11.7	"	"0.0	"	"0.0	"	"0.0	"	"0.0	"	"11.7	"	"11.7	"	"1	"	2024/5/23 8:47	"	"	"609244903731	"	16K三栏明细分类账	"1593728670894	"	"	"	无售后或售后取消	"777217036868072	"	申通快递	2024/5/22 23:16
莱特活页记账本财务账簿收支单出纳出入库存账薄财会明细本	240522-648025260191893	已发货，待收货	"11.7	"	"0.0	"	"0.0	"	"0.0	"	"0.0	"	"11.7	"	"11.7	"	"1	"	2024/5/23 8:47	"	"	"609244903731	"	16K三栏明细分类账	"1593728670894	"	"	"	无售后或售后取消	"777217036868072	"	申通快递	2024/5/22 23:04
莱特活页记账本财务账簿收支单出纳出入库存账薄财会明细本	240522-253435584031893	已发货，待收货	"7.9	"	"0.0	"	"0.0	"	"0.0	"	"0.0	"	"7.9	"	"7.9	"	"1	"	2024/5/23 8:47	"	"	"609244903731	"	25K三栏明细分类账	"1593728237733	"	"	"	无售后或售后取消	"777217036868072	"	申通快递	2024/5/22 23:03
莱特5本加厚200页B5学生笔记本办公记事本白领工作记录本子笔记本	240522-407838410482278	已发货，待收货	"6.6	"	"0.0	"	"0.0	"	"2.0	"	"0.0	"	"4.6	"	"6.6	"	"1	"	2024/5/23 8:47	"	"	"608059073339	"	A5五本（每本40张）	"1593732323450	"	"	"	无售后或售后取消	"777217036867935	"	申通快递	2024/5/22 20:33
莱特10本加厚16K大号学校统一学生作业本小学汉语拼音本纠错本	240522-171662446910507	已发货，待收货	"6.86	"	"0.0	"	"0.0	"	"3.0	"	"0.0	"	"3.86	"	"6.86	"	"1	"	2024/5/23 8:47	"	"	"607820221890	"	32K语文本(10本)	"1596346464018	"	"	"	无售后或售后取消	"777217036867303	"	申通快递	2024/5/22 19:29
莱特10本加厚16K大号学校统一学生作业本小学汉语拼音本纠错本	240522-518069962443173	已收货	"6.86	"	"0.0	"	"0.69	"	"0.0	"	"0.0	"	"6.17	"	"6.17	"	"1	"	2024/5/23 8:47	2024/5/28 11:22	"607820221890	"	32K数学本(10本)	"1596346464013	"	"	"	无售后或售后取消	"777217036869223	"	申通快递	2024/5/22 18:09
莱特10本加厚16K大号学校统一学生作业本小学汉语拼音本纠错本	240522-174472578763173	已收货	"6.86	"	"0.0	"	"0.68	"	"0.0	"	"0.0	"	"6.18	"	"6.18	"	"1	"	2024/5/23 8:47	2024/5/28 11:22	"607820221890	"	32K练习本(10本)	"1596346464015	"	"	"	无售后或售后取消	"777217036869223	"	申通快递	2024/5/22 18:09
莱特活页记账本财务账簿收支单出纳出入库存账薄财会明细本	240522-413070794363477	已收货	"11.7	"	"0.0	"	"0.0	"	"0.0	"	"0.0	"	"11.7	"	"11.7	"	"1	"	2024/5/23 8:47	2024/5/28 13:29	"609244903731	"	16K三栏明细分类账	"1593728670894	"	"	"	无售后或售后取消	"777217036869247	"	申通快递	2024/5/22 18:07
莱特10本加厚16K大号学校统一学生作业本小学汉语拼音本纠错本	240522-647485202181420	已发货，待收货	"6.86	"	"0.0	"	"0.68	"	"0.61	"	"0.0	"	"5.57	"	"6.18	"	"1	"	2024/5/22 16:16	"	"	"607820221890	"	32K作文本(10本)	"1596345431818	"	"	"	无售后或售后取消	"777216783942634	"	申通快递	2024/5/22 13:53
莱特10本加厚16K大号学校统一学生作业本小学汉语拼音本纠错本	240522-024714944261420	未发货，退款成功	"8.41	"	"0.0	"	"0.84	"	"0.76	"	"0.0	"	"6.81	"	"7.57	"	"1	"	"	"	"	"	"607820221890	"	16K作文本(5本)	"1596281985847	"	"	"	退款成功	"	"	"	"	2024/5/22 13:53
莱特活页记账本财务账簿收支单出纳出入库存账薄财会明细本	240522-596120706751602	已收货	"11.7	"	"0.0	"	"0.0	"	"0.0	"	"0.0	"	"11.7	"	"11.7	"	"1	"	2024/5/22 13:34	2024/5/25 12:00	"609244903731	"	16K库存商品明细分类账	"1593728670886	"	"	"	无售后或售后取消	"777216926378865	"	申通快递	2024/5/22 10:44
莱特活页记账本财务账簿收支单出纳出入库存账薄财会明细本	240522-511626514681548	已发货，待收货	"7.2	"	"0.0	"	"0.0	"	"0.0	"	"0.0	"	"7.2	"	"7.2	"	"1	"	2024/5/22 13:34	"	"	"609244903731	"	25K现金日记账	"1593728237728	"	"	"	无售后或售后取消	"777216926378305	"	申通快递	2024/5/22 9:35
莱特5本36页牛皮学生作业本16K学校统一语文练习本小学汉语拼音本	240522-600225902120276	已发货，待收货	"4.5	"	"0.0	"	"0.45	"	"0.0	"	"0.0	"	"4.05	"	"4.05	"	"1	"	2024/5/22 13:34	"	"	"609881478958	"	16K田字本(5本)	"1599890404778	"	"	"	无售后或售后取消	"777216926371360	"	申通快递	2024/5/22 9:40
莱特5本36页牛皮学生作业本16K学校统一语文练习本小学汉语拼音本	240522-256628518440276	已发货，待收货	"4.5	"	"0.0	"	"0.45	"	"0.0	"	"0.0	"	"4.05	"	"4.05	"	"1	"	2024/5/22 13:34	"	"	"609881478958	"	16K汉语拼音本(5本)	"1599890404784	"	"	"	无售后或售后取消	"777216926371360	"	申通快递	2024/5/22 9:40
莱特10本装16K学生防近视作业本学校统一英语作业本初中笔记本	240521-437151404202945	已收货	"9.2	"	"0.0	"	"0.92	"	"0.82	"	"0.0	"	"7.46	"	"8.28	"	"1	"	2024/5/22 13:34	2024/5/26 9:58	"613582632742	"	作文本(5本)	"1597104442382	"	"	"	无售后或售后取消	"777216926378853	"	申通快递	2024/5/21 23:56
莱特10本装16K学生防近视作业本学校统一英语作业本初中笔记本	240521-394201731242945	已收货	"9.2	"	"0.0	"	"0.92	"	"0.82	"	"0.0	"	"7.46	"	"8.28	"	"1	"	2024/5/22 13:34	2024/5/26 9:59	"613582632742	"	笔记本(5本)	"1597104442388	"	"	"	无售后或售后取消	"777216926378853	"	申通快递	2024/5/21 23:56
莱特10本装16K学生防近视作业本学校统一英语作业本初中笔记本	240521-265352712362945	已收货	"14.9	"	"0.0	"	"1.49	"	"1.34	"	"0.0	"	"12.07	"	"13.41	"	"1	"	2024/5/22 13:34	2024/5/26 9:59	"613582632742	"	英语本(10本)	"1597127331050	"	"	"	无售后或售后取消	"777216926378853	"	申通快递	2024/5/21 23:56
莱特10本装16K学生防近视作业本学校统一英语作业本初中笔记本	240521-093554020522945	已收货	"14.9	"	"0.0	"	"1.49	"	"1.34	"	"0.0	"	"12.07	"	"13.41	"	"1	"	2024/5/22 13:34	2024/5/26 9:59	"613582632742	"	练习本(10本)	"1597127331049	"	"	"	无售后或售后取消	"777216926378853	"	申通快递	2024/5/21 23:56
莱特10本装16K学生防近视作业本学校统一英语作业本初中笔记本	240521-050604347562945	已收货	"14.9	"	"0.0	"	"1.49	"	"1.33	"	"0.0	"	"12.08	"	"13.41	"	"1	"	2024/5/22 13:34	2024/5/26 9:59	"613582632742	"	数学本(10本)	"1597127331051	"	"	"	无售后或售后取消	"777216926378853	"	申通快递	2024/5/21 23:56
莱特5本加厚500张B5学生笔记本清仓处理A5办公记事本工作日志本子	240521-248014476823462	已收货	"5.9	"	"0.0	"	"0.0	"	"0.0	"	"0.0	"	"5.9	"	"5.9	"	"1	"	2024/5/22 13:34	2024/5/26 21:44	"613484523608	"	B5五本（每本40张）	"1597016278368	"	"	"	无售后或售后取消	"777216926378579	"	申通快递	2024/5/21 23:46
莱特10本超厚400张草稿纸作业练习本学生空白大学生考研验算纸张	240521-521252442332378	已发货，待收货	"7.8	"	"0.0	"	"0.0	"	"0.0	"	"0.0	"	"7.8	"	"7.8	"	"1	"	2024/5/22 13:34	"	"	"612572388478	"	10本装/每本40张（400张）	"1596114591035	"	"	"	无售后或售后取消	"777216926371395	"	申通快递	2024/5/21 20:33
莱特5本加厚500张B5学生笔记本清仓处理A5办公记事本工作日志本子	240521-507814878811583	已收货	"5.9	"	"0.0	"	"0.0	"	"0.0	"	"0.0	"	"5.9	"	"5.9	"	"1	"	2024/5/22 13:34	2024/5/25 23:21	"613484523608	"	B5五本（每本40张）	"1597016278368	"	"	"	无售后或售后取消	"777216926378269	"	申通快递	2024/5/21 20:26
莱特10本加厚16K大号学校统一学生作业本小学汉语拼音本纠错本	240521-683634901270572	已发货，待收货	"6.8	"	"0.0	"	"0.0	"	"0.0	"	"0.0	"	"6.8	"	"6.8	"	"1	"	2024/5/22 13:34	"	"	"607820221890	"	32K数学本(5本)	"1593039293506	"	"	"	无售后或售后取消	"777216926378026	"	申通快递	2024/5/21 20:00
莱特10本加厚16K大号学校统一学生作业本小学汉语拼音本纠错本	240521-496909719190572	已发货，待收货	"8.5	"	"0.0	"	"0.0	"	"0.0	"	"0.0	"	"8.5	"	"8.5	"	"1	"	2024/5/22 13:34	"	"	"607820221890	"	16K汉语拼音本(5本)	"1596281800007	"	"	"	无售后或售后取消	"777216926378026	"	申通快递	2024/5/21 19:59
莱特10本加厚16K大号学校统一学生作业本小学汉语拼音本纠错本	240521-658511020310572	已取消	"8.5	"	"0.0	"	"0.0	"	"0.0	"	"0.0	"	"8.5	"	"8.5	"	"1	"	"	"	"	"	"607820221890	"	16K汉语拼音本(5本)	"1596281800007	"	"	"	无售后或售后取消	"	"	"	"	"	"
莱特10本加厚16K大号学校统一学生作业本小学汉语拼音本纠错本	240521-464241313430572	未发货，退款成功	"13.5	"	"0.0	"	"0.0	"	"0.0	"	"0.0	"	"13.5	"	"13.5	"	"1	"	"	"	"	"	"607820221890	"	16K汉语拼音本(10本)	"1596348452662	"	"	"	退款成功	"	"	"	"	2024/5/21 19:10
莱特5本36页牛皮学生作业本16K学校统一语文练习本小学汉语拼音本	240521-480017201511997	已发货，待收货	"4.5	"	"0.0	"	"0.45	"	"0.0	"	"0.0	"	"4.05	"	"4.05	"	"1	"	2024/5/22 13:34	"	"	"609881478958	"	16K单线数学本(5本)	"1599890404780	"	"	"	无售后或售后取消	"777216926378275	"	申通快递	2024/5/21 17:26
莱特5本36页牛皮学生作业本16K学校统一语文练习本小学汉语拼音本	240521-308218509671997	未发货，退款成功	"4.5	"	"0.0	"	"0.45	"	"0.0	"	"0.0	"	"4.05	"	"4.05	"	"1	"	"	"	"	"	"609881478958	"	16K双线数学本(5本)	"1599890404779	"	"	"	退款成功	"	"	"	"	2024/5/21 17:26
莱特5本36页牛皮学生作业本16K学校统一语文练习本小学汉语拼音本	240521-429706525031997	未发货，退款成功	"4.5	"	"0.0	"	"0.0	"	"0.0	"	"0.0	"	"4.5	"	"4.5	"	"1	"	"	"	"	"	"609881478958	"	16K单线数学本(5本)	"1599890404780	"	"	"	退款成功	"	"	"	"	2024/5/21 17:19
莱特5本加厚500张B5学生笔记本清仓处理A5办公记事本工作日志本子	240521-415687063693035	已收货	"9.3	"	"0.0	"	"0.0	"	"0.0	"	"0.0	"	"9.3	"	"9.3	"	"1	"	2024/5/22 13:34	2024/5/24 15:56	"613484523608	"	A5五本（每本100张）	"1597016278375	"	"	"	无售后或售后取消	"777216926378051	"	申通快递	2024/5/21 16:32
莱特5本加厚500张B5学生笔记本清仓处理A5办公记事本工作日志本子	240521-452408133133035	已取消	"9.3	"	"0.0	"	"0.0	"	"0.0	"	"0.0	"	"9.3	"	"9.3	"	"1	"	"	"	"	"	"613484523608	"	A5五本（每本100张）	"1597016278375	"	"	"	无售后或售后取消	"	"	"	"	"	"
莱特10本加厚16K大号学校统一学生作业本小学汉语拼音本纠错本	240521-548247979811672	已收货	"8.4	"	"0.0	"	"0.0	"	"1.0	"	"0.0	"	"7.4	"	"8.4	"	"1	"	2024/5/22 13:34	2024/5/24 18:15	"607820221890	"	16K作文本(10本)	"1596346464020	"	"	"	无售后或售后取消	"777216926371437	"	申通快递	2024/5/21 16:13
莱特10本加厚16K大号学校统一学生作业本小学汉语拼音本纠错本	240521-411870174760276	已取消	"4.5	"	"0.0	"	"0.45	"	"0.0	"	"0.0	"	"4.05	"	"4.05	"	"1	"	"	"	"	"	"607820221890	"	16K汉语拼音本(5本)	"1596281800007	"	"	"	无售后或售后取消	"	"	"	"	"	"
莱特10本加厚16K大号学校统一学生作业本小学汉语拼音本纠错本	240521-240071482920276	已取消	"4.5	"	"0.0	"	"0.45	"	"0.0	"	"0.0	"	"4.05	"	"4.05	"	"1	"	"	"	"	"	"607820221890	"	16K田字本(5本)	"1596353196803	"	"	"	无售后或售后取消	"	"	"	"	"	"
莱特10本加厚16K大号学校统一学生作业本小学汉语拼音本纠错本	240521-259732282920276	已取消	"9.0	"	"0.0	"	"0.9	"	"0.48	"	"0.0	"	"7.62	"	"8.1	"	"2	"	"	"	"	"	"607820221890	"	16K田字本(5本)	"1596353196803	"	"	"	无售后或售后取消	"	"	"	"	"	"
莱特活页记账本财务账簿收支单出纳出入库存账薄财会明细本	240521-424238180721523	已发货，待收货	"11.7	"	"0.0	"	"0.0	"	"6.0	"	"0.0	"	"5.7	"	"11.7	"	"1	"	2024/5/21 15:49	"	"	"609244903731	"	16K库存商品明细分类账	"1593728670886	"	"	"	无售后或售后取消	"777216687922469	"	申通快递	2024/5/21 15:22
莱特活页记账本财务账簿收支单出纳出入库存账薄财会明细本	240521-446614802801523	未发货，退款成功	"11.7	"	"0.0	"	"0.0	"	"0.0	"	"0.0	"	"11.7	"	"11.7	"	"1	"	"	"	"	"	"609244903731	"	16K库存商品明细分类账	"1593728670886	"	"	"	退款成功	"	"	"	"	2024/5/21 15:15
莱特10本加厚16K大号学校统一学生作业本小学汉语拼音本纠错本	240521-594406357280219	已发货，待收货	"6.3	"	"0.0	"	"0.0	"	"0.0	"	"0.0	"	"6.3	"	"6.3	"	"1	"	2024/5/21 15:49	"	"	"607820221890	"	32K英语本(10本)	"1596345431819	"	"	"	无售后或售后取消	"777216687930764	"	申通快递	2024/5/21 14:47
莱特10本加厚16K大号学校统一学生作业本小学汉语拼音本纠错本	240521-613212495590122	已收货	"8.4	"	"0.0	"	"0.0	"	"0.0	"	"0.0	"	"8.4	"	"8.4	"	"1	"	2024/5/21 15:49	2024/5/25 10:24	"607820221890	"	16K数学双线本(10本)	"1596347489467	"	"	"	无售后或售后取消	"777216687931654	"	申通快递	2024/5/21 14:33
莱特10本加厚16K大号学校统一学生作业本小学汉语拼音本纠错本	240521-513403809323908	已发货，待收货	"8.4	"	"0.0	"	"0.0	"	"0.0	"	"0.0	"	"8.4	"	"8.4	"	"1	"	2024/5/21 15:49	"	"	"607820221890	"	16K练习本(10本)	"1596347489470	"	"	"	无售后或售后取消	"777216687931733	"	申通快递	2024/5/21 14:01
莱特10本加厚16K大号学校统一学生作业本小学汉语拼音本纠错本	240521-169748795611424	已发货，待收货	"6.3	"	"0.0	"	"0.0	"	"0.31	"	"0.0	"	"5.99	"	"6.3	"	"1	"	2024/5/21 15:49	"	"	"607820221890	"	32K练习本(10本)	"1596346464015	"	"	"	售后处理中	"777216687931162	"	申通快递	2024/5/21 13:58
莱特10本加厚16K大号学校统一学生作业本小学汉语拼音本纠错本	240521-483797276310334	已发货，待收货	"4.5	"	"0.0	"	"0.0	"	"0.9	"	"0.0	"	"3.6	"	"4.5	"	"1	"	2024/5/21 13:30	"	"	"607820221890	"	16K语文方格本(5本)	"1596281985848	"	"	"	无售后或售后取消	"777216478118097	"	申通快递	2024/5/21 13:10
莱特10本超厚400张草稿纸作业练习本学生空白大学生考研验算纸张	240521-172438341372458	已收货	"4.4	"	"0.0	"	"0.0	"	"0.0	"	"0.0	"	"4.4	"	"4.4	"	"1	"	2024/5/21 13:30	2024/5/26 18:08	"612572388478	"	5本装/每本40张（共200张）	"1596114591034	"	"	"	无售后或售后取消	"777216478119066	"	申通快递	2024/5/21 12:50
莱特10本加厚16K大号学校统一学生作业本小学汉语拼音本纠错本	240521-216557166320920	已取消	"8.4	"	"0.0	"	"0.0	"	"0.0	"	"0.0	"	"8.4	"	"8.4	"	"1	"	"	"	"	"	"607820221890	"	16K生字本(10本)	"1596347489469	"	"	"	无售后或售后取消	"	"	"	"	"	"
莱特10本加厚16K大号学校统一学生作业本小学汉语拼音本纠错本	240521-501790840482743	已发货，待收货	"8.4	"	"0.0	"	"0.0	"	"0.0	"	"0.0	"	"8.4	"	"8.4	"	"1	"	2024/5/21 13:30	"	"	"607820221890	"	16K语文方格本(10本)	"1596347489463	"	"	"	无售后或售后取消	"777216478118164	"	申通快递	2024/5/21 12:23
莱特10本加厚16K大号学校统一学生作业本小学汉语拼音本纠错本	240521-395030044273733	已发货，待收货	"8.4	"	"0.0	"	"0.84	"	"0.0	"	"0.0	"	"7.56	"	"7.56	"	"1	"	2024/5/21 13:30	"	"	"607820221890	"	16K作文本(10本)	"1596346464020	"	"	"	无售后或售后取消	"777216478119637	"	申通快递	2024/5/21 12:19
莱特10本加厚16K大号学校统一学生作业本小学汉语拼音本纠错本	240521-051432660593733	已发货，待收货	"8.4	"	"0.0	"	"0.84	"	"0.0	"	"0.0	"	"7.56	"	"7.56	"	"1	"	2024/5/21 13:30	"	"	"607820221890	"	16K生字本(10本)	"1596347489469	"	"	"	无售后或售后取消	"777216478119637	"	申通快递	2024/5/21 12:19
莱特10本加厚16K大号学校统一学生作业本小学汉语拼音本纠错本	240521-507159529131065	已发货，待收货	"8.7	"	"0.0	"	"0.0	"	"0.0	"	"0.0	"	"8.7	"	"8.7	"	"1	"	2024/5/21 8:57	"	"	"607820221890	"	16K作文本(10本)	"1596346464020	"	"	"	无售后或售后取消	"777216582033894	"	申通快递	2024/5/21 8:44
莱特10本加厚16K大号学校统一学生作业本小学汉语拼音本纠错本	240521-342035085663796	已发货，待收货	"8.7	"	"0.0	"	"0.0	"	"0.0	"	"0.0	"	"8.7	"	"8.7	"	"1	"	2024/5/21 8:57	"	"	"607820221890	"	16K纠错本(10本)	"1596348452661	"	"	"	无售后或售后取消	"777216582034309	"	申通快递	2024/5/21 8:11
莱特10本加厚16K大号学校统一学生作业本小学汉语拼音本纠错本	240521-577686802783796	已取消	"8.7	"	"0.0	"	"0.0	"	"0.0	"	"0.0	"	"8.7	"	"8.7	"	"1	"	"	"	"	"	"607820221890	"	16K纠错本(10本)	"1596348452661	"	"	"	无售后或售后取消	"	"	"	"	"	"
莱特10本加厚16K大号学校统一学生作业本小学汉语拼音本纠错本	240521-673468915441446	已发货，待收货	"4.5	"	"0.0	"	"0.45	"	"0.26	"	"0.0	"	"3.79	"	"4.05	"	"1	"	2024/5/21 8:57	"	"	"607820221890	"	16K练习本(5本)	"1596281800006	"	"	"	无售后或售后取消	"777216582034814	"	申通快递	2024/5/21 7:56
莱特10本加厚16K大号学校统一学生作业本小学汉语拼音本纠错本	240521-501670223601446	已发货，待收货	"4.5	"	"0.0	"	"0.45	"	"0.26	"	"0.0	"	"3.79	"	"4.05	"	"1	"	2024/5/21 8:57	"	"	"607820221890	"	16K田字本(5本)	"1596353196803	"	"	"	无售后或售后取消	"777216582034814	"	申通快递	2024/5/21 7:56
莱特10本加厚16K大号学校统一学生作业本小学汉语拼音本纠错本	240521-077552709421058	已收货	"8.7	"	"0.0	"	"0.0	"	"1.13	"	"0.0	"	"7.57	"	"8.7	"	"1	"	2024/5/21 8:57	2024/5/24 20:11	"607820221890	"	16K汉语拼音本(10本)	"1596348452662	"	"	"	无售后或售后取消	"777216582033754	"	申通快递	2024/5/21 7:38
莱特10本加厚16K大号学校统一学生作业本小学汉语拼音本纠错本	240521-611639652113767	已收货	"6.1	"	"0.0	"	"0.0	"	"3.0	"	"0.0	"	"3.1	"	"6.1	"	"1	"	2024/5/21 8:57	2024/5/28 14:49	"607820221890	"	32K数学本(10本)	"1596346464013	"	"	"	无售后或售后取消	"777216582033122	"	申通快递	2024/5/21 7:35
莱特10本加厚16K大号学校统一学生作业本小学汉语拼音本纠错本	240521-258033641873767	已收货	"6.1	"	"0.0	"	"0.0	"	"5.0	"	"0.0	"	"1.1	"	"6.1	"	"1	"	2024/5/21 8:57	2024/5/28 14:49	"607820221890	"	32K语文本(10本)	"1596346464018	"	"	"	无售后或售后取消	"777216582033122	"	申通快递	2024/5/21 7:34
莱特5本加厚200页B5学生笔记本办公记事本白领工作记录本子笔记本	240521-428028772771683	已收货	"10.8	"	"0.0	"	"1.0	"	"0.0	"	"0.0	"	"9.8	"	"9.8	"	"1	"	2024/5/21 8:57	2024/5/24 11:42	"608059073339	"	B5五本（每本100张）	"1593732323449	"	"	"	无售后或售后取消	"777216582024971	"	申通快递	2024/5/21 7:32
莱特10本加厚16K大号学校统一学生作业本小学汉语拼音本纠错本	240521-021810430353767	已收货	"6.1	"	"0.0	"	"0.0	"	"5.0	"	"0.0	"	"1.1	"	"6.1	"	"1	"	2024/5/21 8:57	2024/5/28 14:46	"607820221890	"	32K生字本(10本)	"1596346464014	"	"	"	无售后或售后取消	"777216582033122	"	申通快递	2024/5/21 7:24
莱特10本加厚16K大号学校统一学生作业本小学汉语拼音本纠错本	240521-287357079953767	已收货	"6.1	"	"0.0	"	"0.0	"	"5.0	"	"0.0	"	"1.1	"	"6.1	"	"1	"	2024/5/21 8:57	2024/5/28 14:46	"607820221890	"	32K生字本(10本)	"1596346464014	"	"	"	无售后或售后取消	"777216582033122	"	申通快递	2024/5/21 7:24
莱特10本加厚16K大号学校统一学生作业本小学汉语拼音本纠错本	240521-442226450223820	已收货	"6.1	"	"0.0	"	"0.0	"	"5.0	"	"0.0	"	"1.1	"	"6.1	"	"1	"	2024/5/21 8:57	2024/5/28 14:35	"607820221890	"	32K英语本(10本)	"1596345431819	"	"	"	无售后或售后取消	"777216582033079	"	申通快递	2024/5/21 7:20
莱特10本加厚16K大号学校统一学生作业本小学汉语拼音本纠错本	240521-030933051823820	已收货	"6.1	"	"0.0	"	"0.0	"	"5.0	"	"0.0	"	"1.1	"	"6.1	"	"1	"	2024/5/21 8:57	2024/5/28 14:35	"607820221890	"	32K数学本(10本)	"1596346464013	"	"	"	无售后或售后取消	"777216582033079	"	申通快递	2024/5/21 7:14
莱特10本加厚16K大号学校统一学生作业本小学汉语拼音本纠错本	240521-227478127023820	已收货	"4.2	"	"0.0	"	"0.0	"	"3.0	"	"0.0	"	"1.2	"	"4.2	"	"1	"	2024/5/21 8:57	2024/5/28 14:35	"607820221890	"	32K语文本(5本)	"1593039293502	"	"	"	无售后或售后取消	"777216582033079	"	申通快递	2024/5/21 7:13
莱特10本加厚16K大号学校统一学生作业本小学汉语拼音本纠错本	240521-187317686703820	已收货	"6.1	"	"0.0	"	"0.0	"	"3.0	"	"0.0	"	"3.1	"	"6.1	"	"1	"	2024/5/21 8:57	2024/5/28 14:35	"607820221890	"	32K语文本(10本)	"1596346464018	"	"	"	无售后或售后取消	"777216582033079	"	申通快递	2024/5/21 7:09
莱特10本加厚16K大号学校统一学生作业本小学汉语拼音本纠错本	240521-622654984623820	已收货	"6.1	"	"0.0	"	"0.0	"	"5.0	"	"0.0	"	"1.1	"	"6.1	"	"1	"	2024/5/21 8:57	2024/5/28 14:35	"607820221890	"	32K数学本(10本)	"1596346464013	"	"	"	无售后或售后取消	"777216582033079	"	申通快递	2024/5/21 7:06
莱特10本加厚16K大号学校统一学生作业本小学汉语拼音本纠错本	240521-002558553881058	已取消	"8.7	"	"0.0	"	"0.0	"	"0.0	"	"0.0	"	"8.7	"	"8.7	"	"1	"	"	"	"	"	"607820221890	"	16K练习本(10本)	"1596347489470	"	"	"	无售后或售后取消	"	"	"	"	"	"
莱特10本加厚16K大号学校统一学生作业本小学汉语拼音本纠错本	240521-230880724572182	已发货，待收货	"8.7	"	"0.0	"	"0.0	"	"0.0	"	"0.0	"	"8.7	"	"8.7	"	"1	"	2024/5/21 8:57	"	"	"607820221890	"	16K数学双线本(10本)	"1596347489467	"	"	"	无售后或售后取消	"777216582031070	"	申通快递	2024/5/21 6:22
莱特10本加厚16K大号学校统一学生作业本小学汉语拼音本纠错本	240521-625753495181984	已收货	"4.5	"	"0.0	"	"0.0	"	"0.0	"	"0.0	"	"4.5	"	"4.5	"	"1	"	2024/5/21 8:57	2024/5/24 9:48	"607820221890	"	16K语文方格本(5本)	"1596281985848	"	"	"	无售后或售后取消	"777216582034723	"	申通快递	2024/5/21 4:50
莱特10本加厚16K大号学校统一学生作业本小学汉语拼音本纠错本	240521-094130717093388	已发货，待收货	"87.0	"	"0.0	"	"8.7	"	"0.0	"	"0.0	"	"78.3	"	"78.3	"	"10	"	2024/5/21 8:57	"	"	"607820221890	"	16K数学单线本(10本)	"1596347489468	"	"	"	无售后或售后取消	"777216582025113	"	申通快递	2024/5/21 1:43
莱特10本加厚16K大号学校统一学生作业本小学汉语拼音本纠错本	240521-397336921880102	未发货，退款成功	"6.1	"	"0.0	"	"0.0	"	"0.0	"	"0.0	"	"6.1	"	"6.1	"	"1	"	"	"	"	"	"607820221890	"	32K读书笔记本(10本)	"1596346464017	"	"	"	退款成功	"	"	"	"	2024/5/21 0:03
莱特10本加厚16K大号学校统一学生作业本小学汉语拼音本纠错本	240520-574273625712843	已发货，待收货	"4.5	"	"0.0	"	"0.45	"	"0.0	"	"0.0	"	"4.05	"	"4.05	"	"1	"	2024/5/21 8:57	"	"	"607820221890	"	16K数学双线本(5本)	"1596281800004	"	"	"	无售后或售后取消	"777216582032013	"	申通快递	2024/5/20 23:57
莱特10本加厚16K大号学校统一学生作业本小学汉语拼音本纠错本	240520-230676242032843	已发货，待收货	"4.5	"	"0.0	"	"0.45	"	"0.0	"	"0.0	"	"4.05	"	"4.05	"	"1	"	2024/5/21 8:57	"	"	"607820221890	"	16K练习本(5本)	"1596281800006	"	"	"	无售后或售后取消	"777216582032013	"	申通快递	2024/5/20 23:57
莱特10本加厚16K大号学校统一学生作业本小学汉语拼音本纠错本	240520-144776896112843	已发货，待收货	"4.5	"	"0.0	"	"0.45	"	"0.0	"	"0.0	"	"4.05	"	"4.05	"	"1	"	2024/5/21 8:57	"	"	"607820221890	"	16K作文本(5本)	"1596281985847	"	"	"	无售后或售后取消	"777216582032013	"	申通快递	2024/5/20 23:57
莱特10本加厚16K大号学校统一学生作业本小学汉语拼音本纠错本	240520-412410222192843	已取消	"4.5	"	"0.0	"	"0.0	"	"0.0	"	"0.0	"	"4.5	"	"4.5	"	"1	"	"	"	"	"	"607820221890	"	16K数学双线本(5本)	"1596281800004	"	"	"	无售后或售后取消	"	"	"	"	"	"
莱特10本加厚16K大号学校统一学生作业本小学汉语拼音本纠错本	240520-580281996912843	未发货，退款成功	"4.2	"	"0.0	"	"0.42	"	"0.0	"	"0.0	"	"3.78	"	"3.78	"	"1	"	"	"	"	"	"607820221890	"	32K作文本(5本)	"1593039293501	"	"	"	退款成功	"	"	"	"	2024/5/20 23:46
莱特10本加厚16K大号学校统一学生作业本小学汉语拼音本纠错本	240520-494382650992843	未发货，退款成功	"4.2	"	"0.0	"	"0.42	"	"0.0	"	"0.0	"	"3.78	"	"3.78	"	"1	"	"	"	"	"	"607820221890	"	32K练习本(5本)	"1593039293508	"	"	"	退款成功	"	"	"	"	2024/5/20 23:46
莱特10本加厚16K大号学校统一学生作业本小学汉语拼音本纠错本	240520-322583959152843	未发货，退款成功	"4.2	"	"0.0	"	"0.42	"	"0.0	"	"0.0	"	"3.78	"	"3.78	"	"1	"	"	"	"	"	"607820221890	"	32K数学本(5本)	"1593039293506	"	"	"	退款成功	"	"	"	"	2024/5/20 23:46
莱特10本加厚16K大号学校统一学生作业本小学汉语拼音本纠错本	240520-236684613232843	已发货，待收货	"4.5	"	"0.0	"	"0.45	"	"0.0	"	"0.0	"	"4.05	"	"4.05	"	"1	"	2024/5/21 8:57	"	"	"607820221890	"	16K汉语拼音本(5本)	"1596281800007	"	"	"	无售后或售后取消	"777216582032013	"	申通快递	2024/5/20 23:46
莱特10本加厚16K大号学校统一学生作业本小学汉语拼音本纠错本	240520-150785267312843	已发货，待收货	"4.5	"	"0.0	"	"0.45	"	"0.0	"	"0.0	"	"4.05	"	"4.05	"	"1	"	2024/5/21 8:57	"	"	"607820221890	"	16K语文方格本(5本)	"1596281985848	"	"	"	无售后或售后取消	"777216582032013	"	申通快递	2024/5/20 23:46
莱特10本加厚16K大号学校统一学生作业本小学汉语拼音本纠错本	240520-215970025821037	已取消	"6.1	"	"0.0	"	"0.0	"	"0.0	"	"0.0	"	"6.1	"	"6.1	"	"1	"	"	"	"	"	"607820221890	"	32K数学本(10本)	"1596346464013	"	"	"	无售后或售后取消	"	"	"	"	"	"
莱特10本加厚16K大号学校统一学生作业本小学汉语拼音本纠错本	240520-638614321501037	已取消	"6.1	"	"0.0	"	"0.0	"	"0.0	"	"0.0	"	"6.1	"	"6.1	"	"1	"	"	"	"	"	"607820221890	"	32K数学本(10本)	"1596346464013	"	"	"	无售后或售后取消	"	"	"	"	"	"
莱特10本加厚16K大号学校统一学生作业本小学汉语拼音本纠错本	240520-633916680350860	已发货，待收货	"4.5	"	"0.0	"	"0.0	"	"0.0	"	"0.0	"	"4.5	"	"4.5	"	"1	"	2024/5/21 8:57	"	"	"607820221890	"	16K英语本(5本)	"1596281250228	"	"	"	无售后或售后取消	"777216582024983	"	申通快递	2024/5/20 22:34
莱特10本加厚16K大号学校统一学生作业本小学汉语拼音本纠错本	240520-683262645760553	未发货，退款成功	"8.7	"	"0.0	"	"0.0	"	"0.0	"	"0.0	"	"8.7	"	"8.7	"	"1	"	"	"	"	"	"607820221890	"	16K语文方格本(10本)	"1596347489463	"	"	"	退款成功	"	"	"	"	2024/5/20 22:24
莱特10本加厚16K大号学校统一学生作业本小学汉语拼音本纠错本	240520-151943943722743	已发货，退款成功	"8.7	"	"0.0	"	"0.0	"	"0.0	"	"0.0	"	"8.7	"	"8.7	"	"1	"	2024/5/21 8:57	"	"	"607820221890	"	16K语文方格本(10本)	"1596347489463	"	"	"	退款成功	"777216582033905	"	申通快递	2024/5/20 22:21
莱特10本加厚16K大号学校统一学生作业本小学汉语拼音本纠错本	240520-595276613341266	已发货，待收货	"8.7	"	"0.0	"	"0.0	"	"0.0	"	"0.0	"	"8.7	"	"8.7	"	"1	"	2024/5/21 8:57	"	"	"607820221890	"	16K数学双线本(10本)	"1596347489467	"	"	"	无售后或售后取消	"777216582034285	"	申通快递	2024/5/20 22:18
莱特10本加厚16K大号学校统一学生作业本小学汉语拼音本纠错本	240520-515270305970739	已收货	"4.5	"	"0.0	"	"0.0	"	"0.0	"	"0.0	"	"4.5	"	"4.5	"	"1	"	2024/5/21 8:57	2024/5/29 14:02	"607820221890	"	16K田字本(5本)	"1596353196803	"	"	"	无售后或售后取消	"777216582034668	"	申通快递	2024/5/20 22:06
莱特10本加厚16K大号学校统一学生作业本小学汉语拼音本纠错本	240520-235845773652054	已收货	"4.2	"	"0.0	"	"0.0	"	"0.0	"	"0.0	"	"4.2	"	"4.2	"	"1	"	2024/5/21 8:57	2024/5/29 22:24	"607820221890	"	32K英语本(5本)	"1593039293503	"	"	"	无售后或售后取消	"777216582033742	"	申通快递	2024/5/20 22:06
莱特10本加厚16K大号学校统一学生作业本小学汉语拼音本纠错本	240520-387034662452853	未发货，退款成功	"4.5	"	"0.0	"	"0.0	"	"0.0	"	"0.0	"	"4.5	"	"4.5	"	"1	"	"	"	"	"	"607820221890	"	16K练习本(5本)	"1596281800006	"	"	"	退款成功	"	"	"	"	2024/5/20 22:05
莱特10本加厚16K大号学校统一学生作业本小学汉语拼音本纠错本	240520-472394043562743	已发货，待收货	"8.7	"	"0.0	"	"0.0	"	"0.0	"	"0.0	"	"8.7	"	"8.7	"	"1	"	2024/5/21 8:57	"	"	"607820221890	"	16K练习本(10本)	"1596347489470	"	"	"	无售后或售后取消	"777216582033905	"	申通快递	2024/5/20 21:52
莱特10本加厚16K大号学校统一学生作业本小学汉语拼音本纠错本	240520-072131571242743	已发货，待收货	"8.7	"	"0.0	"	"0.0	"	"0.0	"	"0.0	"	"8.7	"	"8.7	"	"1	"	2024/5/21 8:57	"	"	"607820221890	"	16K语文方格本(10本)	"1596347489463	"	"	"	无售后或售后取消	"777216582033905	"	申通快递	2024/5/20 21:52
莱特10本加厚16K大号学校统一学生作业本小学汉语拼音本纠错本	240520-155315095212241	已取消	"8.7	"	"0.0	"	"0.0	"	"0.0	"	"0.0	"	"8.7	"	"8.7	"	"1	"	"	"	"	"	"607820221890	"	16K练习本(10本)	"1596347489470	"	"	"	无售后或售后取消	"	"	"	"	"	"
莱特10本加厚16K大号学校统一学生作业本小学汉语拼音本纠错本	240520-182520389292241	已发货，待收货	"8.7	"	"0.0	"	"0.0	"	"0.0	"	"0.0	"	"8.7	"	"8.7	"	"1	"	2024/5/21 8:57	"	"	"607820221890	"	16K练习本(10本)	"1596347489470	"	"	"	无售后或售后取消	"777216582033780	"	申通快递	2024/5/20 21:50
莱特10本加厚16K大号学校统一学生作业本小学汉语拼音本纠错本	240520-655527810772463	已发货，待收货	"6.1	"	"0.0	"	"0.0	"	"0.0	"	"0.0	"	"6.1	"	"6.1	"	"1	"	2024/5/21 8:57	"	"	"607820221890	"	32K语文本(10本)	"1596346464018	"	用户备注：5本语文，5本英语	无售后或售后取消	"777216582034619	"	申通快递	2024/5/20 21:46
莱特10本加厚16K大号学校统一学生作业本小学汉语拼音本纠错本	240520-581356777273350	已发货，待收货	"12.2	"	"0.0	"	"1.22	"	"0.0	"	"0.0	"	"10.98	"	"10.98	"	"2	"	2024/5/21 8:57	"	"	"607820221890	"	32K英语本(10本)	"1596345431819	"	"	"	无售后或售后取消	"777216582034595	"	申通快递	2024/5/20 21:46
莱特10本加厚16K大号学校统一学生作业本小学汉语拼音本纠错本	240520-293014105642743	未发货，退款成功	"4.5	"	"0.0	"	"0.0	"	"0.0	"	"0.0	"	"4.5	"	"4.5	"	"1	"	"	"	"	"	"607820221890	"	16K练习本(5本)	"1596281800006	"	"	"	退款成功	"	"	"	"	2024/5/20 21:44
莱特5本加厚200页B5学生笔记本办公记事本白领工作记录本子笔记本	240520-412960693801923	已发货，待收货	"23.6	"	"0.0	"	"2.36	"	"1.14	"	"0.0	"	"20.1	"	"21.24	"	"4	"	2024/5/21 8:57	"	"	"608059073339	"	B5五本（每本40张）	"1593732323446	"	"	"	无售后或售后取消	"777216582034759	"	申通快递	2024/5/20 21:43
莱特10本加厚16K大号学校统一学生作业本小学汉语拼音本纠错本	240520-267559913002743	未发货，退款成功	"4.5	"	"0.0	"	"0.0	"	"0.0	"	"0.0	"	"4.5	"	"4.5	"	"1	"	"	"	"	"	"607820221890	"	16K语文方格本(5本)	"1596281985848	"	"	"	退款成功	"	"	"	"	2024/5/20 21:41
莱特10本加厚16K大号学校统一学生作业本小学汉语拼音本纠错本	240520-375993188562499	已发货，待收货	"4.5	"	"0.0	"	"0.0	"	"0.0	"	"0.0	"	"4.5	"	"4.5	"	"1	"	2024/5/21 8:57	"	"	"607820221890	"	16K数学单线本(5本)	"1596281800005	"	"	"	无售后或售后取消	"777216582025009	"	申通快递	2024/5/20 21:25
莱特10本加厚16K大号学校统一学生作业本小学汉语拼音本纠错本	240520-355152729872586	已收货	"8.7	"	"0.0	"	"0.0	"	"0.0	"	"0.01	"	"8.7	"	"8.7	"	"1	"	2024/5/21 8:57	2024/5/27 18:51	"607820221890	"	16K生字本(10本)	"1596347489469	"	"	"	无售后或售后取消	"777216582025095	"	申通快递	2024/5/20 20:29
莱特10本加厚16K大号学校统一学生作业本小学汉语拼音本纠错本	240520-180407519013388	未发货，退款成功	"87.0	"	"0.0	"	"8.7	"	"0.0	"	"0.0	"	"78.3	"	"78.3	"	"10	"	"	"	"	"	"607820221890	"	16K数学单线本(10本)	"1596347489468	"	"	"	退款成功	"	"	"	"	2024/5/20 20:07
莱特10本加厚16K大号学校统一学生作业本小学汉语拼音本纠错本	240520-427006441831744	已发货，待收货	"8.7	"	"0.0	"	"0.0	"	"3.0	"	"0.0	"	"5.7	"	"8.7	"	"1	"	2024/5/21 8:57	"	"	"607820221890	"	16K练习本(10本)	"1596347489470	"	"	"	无售后或售后取消	"777216582034838	"	申通快递	2024/5/20 19:25
莱特10本加厚16K大号学校统一学生作业本小学汉语拼音本纠错本	240520-548976729681669	已发货，待收货	"4.5	"	"0.0	"	"0.45	"	"0.0	"	"0.0	"	"4.05	"	"4.05	"	"1	"	2024/5/21 8:57	"	"	"607820221890	"	16K汉语拼音本(5本)	"1596281800007	"	"	"	无售后或售后取消	"777216582034840	"	申通快递	2024/5/20 18:16
莱特10本加厚16K大号学校统一学生作业本小学汉语拼音本纠错本	240520-205379346001669	已发货，待收货	"4.5	"	"0.0	"	"0.45	"	"0.0	"	"0.0	"	"4.05	"	"4.05	"	"1	"	2024/5/21 8:57	"	"	"607820221890	"	16K数学双线本(5本)	"1596281800004	"	"	"	无售后或售后取消	"777216582034840	"	申通快递	2024/5/20 18:16
莱特10本加厚16K大号学校统一学生作业本小学汉语拼音本纠错本	240520-498744727121669	已取消	"4.5	"	"0.0	"	"0.45	"	"0.0	"	"0.0	"	"4.05	"	"4.05	"	"1	"	"	"	"	"	"607820221890	"	16K汉语拼音本(5本)	"1596281800007	"	"	"	无售后或售后取消	"	"	"	"	"	"
莱特10本加厚16K大号学校统一学生作业本小学汉语拼音本纠错本	240520-155147343441669	已取消	"8.7	"	"0.0	"	"0.87	"	"0.0	"	"0.0	"	"7.83	"	"7.83	"	"1	"	"	"	"	"	"607820221890	"	16K汉语拼音本(10本)	"1596348452662	"	"	"	无售后或售后取消	"	"	"	"	"	"
莱特10本加厚16K大号学校统一学生作业本小学汉语拼音本纠错本	240520-391318115840670	已发货，待收货	"4.5	"	"0.0	"	"0.0	"	"0.4	"	"0.0	"	"4.1	"	"4.5	"	"1	"	2024/5/21 8:57	"	"	"607820221890	"	16K田字本(5本)	"1596353196803	"	"	"	无售后或售后取消	"777216582032985	"	申通快递	2024/5/20 18:09
莱特5本加厚200页B5学生笔记本办公记事本白领工作记录本子笔记本	240520-568055600720461	已收货	"4.9	"	"0.0	"	"0.0	"	"0.0	"	"0.0	"	"4.9	"	"4.9	"	"1	"	2024/5/21 8:57	2024/5/25 11:13	"608059073339	"	A5五本（每本40张）	"1593732323450	"	"	"	无售后或售后取消	"777216582034784	"	申通快递	2024/5/20 18:08
莱特10本加厚16K大号学校统一学生作业本小学汉语拼音本纠错本	240520-190809392700160	已发货，待收货	"4.5	"	"0.0	"	"0.0	"	"0.0	"	"0.01	"	"4.5	"	"4.5	"	"1	"	2024/5/21 8:57	"	"	"607820221890	"	16K语文横线本(5本)	"1596281985849	"	"	"	无售后或售后取消	"777216582169309	"	申通快递	2024/5/20 17:28
莱特10本加厚16K大号学校统一学生作业本小学汉语拼音本纠错本	240520-170309732132150	已收货	"8.7	"	"0.0	"	"0.0	"	"0.0	"	"0.0	"	"8.7	"	"8.7	"	"1	"	2024/5/21 8:55	2024/5/24 20:14	"607820221890	"	16K语文横线本(10本)	"1596346464021	"	"	"	无售后或售后取消	"777216582542897	"	申通快递	2024/5/20 17:26
莱特10本加厚16K大号学校统一学生作业本小学汉语拼音本纠错本	240520-254541883530272	已发货，待收货	"8.7	"	"0.0	"	"0.0	"	"0.0	"	"0.0	"	"8.7	"	"8.7	"	"1	"	2024/5/20 13:15	"	"	"607820221890	"	16K语文方格本(10本)	"1596347489463	"	"	"	无售后或售后取消	"777216403517575	"	申通快递	2024/5/20 13:01
莱特10本加厚16K大号学校统一学生作业本小学汉语拼音本纠错本	240520-148719552060996	已发货，待收货	"4.5	"	"0.0	"	"0.0	"	"0.0	"	"0.0	"	"4.5	"	"4.5	"	"1	"	2024/5/20 13:15	"	"	"607820221890	"	16K田字本(5本)	"1596353196803	"	"	"	无售后或售后取消	"777216403519544	"	申通快递	2024/5/20 12:57
莱特10本加厚16K大号学校统一学生作业本小学汉语拼音本纠错本	240520-314981824722848	已发货，待收货	"17.4	"	"0.0	"	"1.74	"	"0.0	"	"0.0	"	"15.66	"	"15.66	"	"2	"	2024/5/20 13:15	"	"	"607820221890	"	16K学生日记本(10本)	"1596347489465	"	"	"	无售后或售后取消	"777216403518034	"	申通快递	2024/5/20 10:57
莱特活页记账本财务账簿收支单出纳出入库存账薄财会明细本	240520-030608003353046	已发货，待收货	"23.4	"	"0.0	"	"2.34	"	"0.0	"	"0.0	"	"21.06	"	"21.06	"	"2	"	2024/5/20 13:15	"	"	"609244903731	"	16K三栏明细分类账	"1593728670894	"	"	"	无售后或售后取消	"777216403519090	"	申通快递	2024/5/20 10:51
莱特活页记账本财务账簿收支单出纳出入库存账薄财会明细本	240520-561014434073046	未发货，退款成功	"23.4	"	"0.0	"	"2.34	"	"0.0	"	"0.0	"	"21.06	"	"21.06	"	"2	"	"	"	"	"	"609244903731	"	16K三栏明细分类账	"1593728670894	"	"	"	退款成功	"	"	"	"	2024/5/20 10:48
莱特10本加厚16K大号学校统一学生作业本小学汉语拼音本纠错本	240520-510798149780877	已收货	"4.5	"	"0.0	"	"0.45	"	"0.4	"	"0.0	"	"3.65	"	"4.05	"	"1	"	2024/5/20 9:16	2024/5/24 16:19	"607820221890	"	16K练习本(5本)	"1596281800006	"	"	"	无售后或售后取消	"777216139765227	"	申通快递	2024/5/20 9:01
莱特10本加厚16K大号学校统一学生作业本小学汉语拼音本纠错本	240520-167200766100877	已收货	"8.7	"	"0.0	"	"0.87	"	"0.78	"	"0.0	"	"7.05	"	"7.83	"	"1	"	2024/5/20 9:16	2024/5/24 16:19	"607820221890	"	16K语文方格本(10本)	"1596347489463	"	"	"	无售后或售后取消	"777216139765227	"	申通快递	2024/5/20 9:01
莱特10本加厚16K大号学校统一学生作业本小学汉语拼音本纠错本	240520-047065351881852	已发货，待收货	"9.0	"	"0.0	"	"0.9	"	"0.0	"	"0.0	"	"8.1	"	"8.1	"	"2	"	2024/5/20 7:52	"	"	"607820221890	"	16K语文横线本(5本)	"1596281985849	"	"	"	无售后或售后取消	"777216122895204	"	申通快递	2024/5/20 7:36
莱特10本超厚400张草稿纸作业练习本学生空白大学生考研验算纸张	240520-126175168303836	已收货	"7.8	"	"0.0	"	"0.0	"	"0.0	"	"0.01	"	"7.8	"	"7.8	"	"1	"	2024/5/20 7:52	2024/5/22 19:11	"612572388478	"	10本装/每本40张（400张）	"1596114591035	"	"	"	无售后或售后取消	"777216122895794	"	申通快递	2024/5/20 0:34
莱特活页记账本财务账簿收支单出纳出入库存账薄财会明细本	240520-531334510820499	已收货	"14.4	"	"0.0	"	"1.44	"	"0.0	"	"0.0	"	"12.96	"	"12.96	"	"2	"	2024/5/20 7:52	2024/5/22 18:16	"609244903731	"	25K现金日记账	"1593728237728	"	"	"	无售后或售后取消	"777216122895757	"	申通快递	2024/5/20 0:00
莱特活页记账本财务账簿收支单出纳出入库存账薄财会明细本	240520-359535818980499	已收货	"117.0	"	"0.0	"	"11.7	"	"0.0	"	"0.0	"	"105.3	"	"105.3	"	"10	"	2024/5/20 7:52	2024/5/22 18:15	"609244903731	"	16K进销存明细分类账	"1593728237738	"	"	"	无售后或售后取消	"777216122895757	"	申通快递	2024/5/20 0:01
莱特活页记账本财务账簿收支单出纳出入库存账薄财会明细本	240520-187737127140499	已收货	"11.7	"	"0.0	"	"1.17	"	"0.0	"	"0.0	"	"10.53	"	"10.53	"	"1	"	2024/5/20 7:52	2024/5/22 18:15	"609244903731	"	16K固定资产分类账	"1593728670893	"	"	"	无售后或售后取消	"777216122895757	"	申通快递	2024/5/20 0:01
莱特10本加厚16K大号学校统一学生作业本小学汉语拼音本纠错本	240519-685066238100877	未发货，退款成功	"4.5	"	"0.0	"	"0.45	"	"0.41	"	"0.0	"	"3.64	"	"4.05	"	"1	"	"	"	"	"	"607820221890	"	16K练习本(5本)	"1596281800006	"	"	"	退款成功	"	"	"	"	2024/5/19 22:32
莱特10本加厚16K大号学校统一学生作业本小学汉语拼音本纠错本	240519-341468854420877	未发货，退款成功	"4.5	"	"0.0	"	"0.45	"	"0.4	"	"0.0	"	"3.65	"	"4.05	"	"1	"	"	"	"	"	"607820221890	"	16K语文方格本(5本)	"1596281985848	"	"	"	退款成功	"	"	"	"	2024/5/19 22:32
莱特5本加厚A4学生笔记本B5办公商务记事本大学生课堂笔记草稿本	240519-559399637313527	已收货	"11.0	"	"0.0	"	"2.2	"	"0.0	"	"0.0	"	"8.8	"	"8.8	"	"1	"	2024/5/20 7:52	2024/5/30 7:52	"614857205457	"	B5混色5本装（每本58张）	"1598292611663	"	"	"	无售后或售后取消	"777216122896665	"	申通快递	2024/5/19 21:58
莱特5本加厚A4学生笔记本B5办公商务记事本大学生课堂笔记草稿本	240519-129902907713527	已收货	"14.5	"	"0.0	"	"2.9	"	"0.0	"	"0.0	"	"11.6	"	"11.6	"	"1	"	2024/5/20 7:52	2024/5/30 7:52	"614857205457	"	B5混色5本装（每本98张）	"1598292611665	"	"	"	无售后或售后取消	"777216122896665	"	申通快递	2024/5/19 21:58
莱特5本加厚200页B5学生笔记本办公记事本白领工作记录本子笔记本	240519-495651428033527	未发货，退款成功	"10.8	"	"0.0	"	"1.0	"	"0.0	"	"0.0	"	"9.8	"	"9.8	"	"1	"	"	"	"	"	"608059073339	"	B5五本（每本100张）	"1593732323449	"	"	"	退款成功	"	"	"	"	2024/5/19 21:58
莱特5本加厚200页B5学生笔记本办公记事本白领工作记录本子笔记本	240519-506776788673527	已收货	"10.8	"	"0.0	"	"1.08	"	"0.0	"	"0.0	"	"9.72	"	"9.72	"	"1	"	2024/5/20 7:52	2024/5/30 7:52	"608059073339	"	B5五本（每本100张）	"1593732323449	"	"	"	无售后或售后取消	"777216122896665	"	申通快递	2024/5/19 21:55
莱特5本加厚A4学生笔记本B5办公商务记事本大学生课堂笔记草稿本	240519-163179404993527	未发货，退款成功	"11.0	"	"0.0	"	"1.1	"	"0.0	"	"0.0	"	"9.9	"	"9.9	"	"1	"	"	"	"	"	"614857205457	"	B5混色5本装（每本58张）	"1598292611663	"	"	"	退款成功	"	"	"	"	2024/5/19 21:55
莱特10本加厚16K大号学校统一学生作业本小学汉语拼音本纠错本	240519-518148595322529	已收货	"8.7	"	"0.0	"	"0.0	"	"0.0	"	"0.0	"	"8.7	"	"8.7	"	"1	"	2024/5/20 7:52	2024/5/30 7:52	"607820221890	"	16K语文横线本(10本)	"1596346464021	"	"	"	无售后或售后取消	"777216122897239	"	申通快递	2024/5/19 21:53
莱特10本加厚16K大号学校统一学生作业本小学汉语拼音本纠错本	240519-642336766180279	已收货	"26.1	"	"0.0	"	"2.61	"	"1.6	"	"0.0	"	"21.89	"	"23.49	"	"3	"	2024/5/20 7:52	2024/5/27 10:32	"607820221890	"	16K练习本(10本)	"1596347489470	"	"	"	无售后或售后取消	"777216122895125	"	申通快递	2024/5/19 21:51
莱特10本加厚16K大号学校统一学生作业本小学汉语拼音本纠错本	240519-245796738620630	已取消	"8.7	"	"0.0	"	"0.0	"	"0.0	"	"0.0	"	"8.7	"	"8.7	"	"1	"	"	"	"	"	"607820221890	"	16K英语本(10本)	"1596347489464	"	"	"	无售后或售后取消	"	"	"	"	"	"
莱特10本加厚16K大号学校统一学生作业本小学汉语拼音本纠错本	240519-376491230780630	未发货，退款成功	"6.1	"	"0.0	"	"0.0	"	"0.0	"	"0.0	"	"6.1	"	"6.1	"	"1	"	"	"	"	"	"607820221890	"	32K英语本(10本)	"1596345431819	"	"	"	退款成功	"	"	"	"	2024/5/19 21:22
莱特10本加厚16K大号学校统一学生作业本小学汉语拼音本纠错本	240519-249131241913405	已收货	"4.5	"	"0.0	"	"0.0	"	"0.0	"	"0.0	"	"4.5	"	"4.5	"	"1	"	2024/5/20 7:52	2024/5/23 11:06	"607820221890	"	16K语文方格本(5本)	"1596281985848	"	"	"	无售后或售后取消	"777216122896696	"	申通快递	2024/5/19 21:16
莱特10本加厚16K大号学校统一学生作业本小学汉语拼音本纠错本	240519-130720755381723	未发货，退款成功	"6.1	"	"0.0	"	"0.0	"	"0.0	"	"0.0	"	"6.1	"	"6.1	"	"1	"	"	"	"	"	"607820221890	"	32K读书笔记本(10本)	"1596346464017	"	"	"	退款成功	"	"	"	"	2024/5/19 21:12
莱特10本加厚16K大号学校统一学生作业本小学汉语拼音本纠错本	240519-113670961321699	已发货，待收货	"9.0	"	"0.0	"	"0.9	"	"0.0	"	"0.0	"	"8.1	"	"8.1	"	"2	"	2024/5/20 7:52	"	"	"607820221890	"	16K田字本(5本)	"1596353196803	"	"	"	无售后或售后取消	"777216122895897	"	申通快递	2024/5/19 20:33
莱特10本加厚16K大号学校统一学生作业本小学汉语拼音本纠错本	240519-452366179922499	未发货，退款成功	"4.5	"	"0.0	"	"0.0	"	"0.0	"	"0.0	"	"4.5	"	"4.5	"	"1	"	"	"	"	"	"607820221890	"	16K数学单线本(5本)	"1596281800005	"	"	"	退款成功	"	"	"	"	2024/5/19 20:20
莱特5本加厚200页B5学生笔记本办公记事本白领工作记录本子笔记本	240519-042477873340494	已收货	"21.6	"	"0.0	"	"2.16	"	"0.0	"	"0.0	"	"19.44	"	"19.44	"	"2	"	2024/5/20 7:52	2024/5/24 16:02	"608059073339	"	B5五本（每本100张）	"1593732323449	"	"	"	无售后或售后取消	"777216122897422	"	申通快递	2024/5/19 19:54
莱特10本加厚16K大号学校统一学生作业本小学汉语拼音本纠错本	240519-555771522620393	已收货	"17.4	"	"0.0	"	"1.74	"	"0.0	"	"0.0	"	"15.66	"	"15.66	"	"2	"	2024/5/20 7:52	2024/5/21 21:09	"607820221890	"	16K练习本(10本)	"1596347489470	"	"	"	无售后或售后取消	"777216122896659	"	申通快递	2024/5/19 19:41
莱特10本加厚16K大号学校统一学生作业本小学汉语拼音本纠错本	240519-265101002313465	已收货	"17.4	"	"0.0	"	"1.74	"	"0.0	"	"0.0	"	"15.66	"	"15.66	"	"2	"	2024/5/20 7:52	2024/5/22 15:57	"607820221890	"	16K练习本(10本)	"1596347489470	"	"	"	无售后或售后取消	"777216122895708	"	申通快递	2024/5/19 17:50
莱特10本加厚16K大号学校统一学生作业本小学汉语拼音本纠错本	240519-638960351433465	已收货	"17.4	"	"0.0	"	"1.74	"	"0.0	"	"0.0	"	"15.66	"	"15.66	"	"2	"	2024/5/20 7:52	2024/5/22 15:56	"607820221890	"	16K汉语拼音本(10本)	"1596348452662	"	"	"	无售后或售后取消	"777216122895708	"	申通快递	2024/5/19 17:45
莱特10本装16K学生防近视作业本学校统一英语作业本初中笔记本	240519-121959902950731	已发货，待收货	"9.2	"	"0.0	"	"0.0	"	"0.0	"	"0.0	"	"9.2	"	"9.2	"	"1	"	2024/5/19 17:11	"	"	"613582632742	"	英语本(5本)	"1597104442384	"	"	"	无售后或售后取消	"777216251038321	"	申通快递	2024/5/19 16:44
5本装莱特牛皮学生作业本学校统一16K语文练习本小学生汉语拼音本	240519-343628869350731	已取消	"8.41	"	"0.0	"	"0.0	"	"0.0	"	"0.0	"	"8.41	"	"8.41	"	"1	"	"	"	"	"	"609881478958	"	英语本(5本)	"1593029013949	"	"	"	无售后或售后取消	"	"	"	"	"	"
5本装莱特牛皮学生作业本学校统一16K语文练习本小学生汉语拼音本	240519-476651230950731	已取消	"8.41	"	"0.0	"	"0.0	"	"0.0	"	"0.0	"	"8.41	"	"8.41	"	"1	"	"	"	"	"	"609881478958	"	英语本(5本)	"1593029013949	"	"	"	无售后或售后取消	"	"	"	"	"	"
莱特10本加厚16K大号学校统一学生作业本小学汉语拼音本纠错本	240519-087267807590731	已取消	"4.2	"	"0.0	"	"0.0	"	"0.0	"	"0.0	"	"4.2	"	"4.2	"	"1	"	"	"	"	"	"607820221890	"	32K英语本(5本)	"1593039293503	"	"	"	无售后或售后取消	"	"	"	"	"	"
莱特10本加厚16K大号学校统一学生作业本小学汉语拼音本纠错本	240519-054588884702978	已取消	"6.1	"	"0.0	"	"0.0	"	"0.0	"	"0.0	"	"6.1	"	"6.1	"	"1	"	"	"	"	"	"607820221890	"	32K练习本(10本)	"1596346464015	"	"	"	无售后或售后取消	"	"	"	"	"	"
莱特10本加厚16K大号学校统一学生作业本小学汉语拼音本纠错本	240519-397184867880636	已收货	"8.7	"	"0.0	"	"0.0	"	"0.0	"	"0.0	"	"8.7	"	"8.7	"	"1	"	2024/5/19 17:11	2024/5/25 16:09	"607820221890	"	16K英语本(10本)	"1596347489464	"	"	"	无售后或售后取消	"777216251047535	"	申通快递	2024/5/19 16:25
莱特5本加厚200页B5学生笔记本办公记事本白领工作记录本子笔记本	240519-651134267173226	已收货	"5.9	"	"0.0	"	"0.0	"	"0.0	"	"0.0	"	"5.9	"	"5.9	"	"1	"	2024/5/19 17:11	2024/5/22 23:42	"608059073339	"	A5五本（每本60张）	"1593732323451	"	"	"	无售后或售后取消	"777216251046949	"	申通快递	2024/5/19 15:06
莱特5本加厚200页B5学生笔记本办公记事本白领工作记录本子笔记本	240519-031352440613226	未发货，退款成功	"11.8	"	"0.0	"	"1.18	"	"0.0	"	"0.0	"	"10.62	"	"10.62	"	"2	"	"	"	"	"	"608059073339	"	A5五本（每本60张）	"1593732323451	"	"	"	退款成功	"	"	"	"	2024/5/19 14:05
莱特5本加厚200页B5学生笔记本办公记事本白领工作记录本子笔记本	240519-260602621733226	未发货，退款成功	"5.9	"	"0.0	"	"0.0	"	"0.0	"	"0.0	"	"5.9	"	"5.9	"	"1	"	"	"	"	"	"608059073339	"	A5五本（每本60张）	"1593732323451	"	"	"	退款成功	"	"	"	"	2024/5/19 14:02
莱特5本加厚200页B5学生笔记本办公记事本白领工作记录本子笔记本	240519-279141445413226	未发货，退款成功	"11.8	"	"0.0	"	"1.18	"	"0.0	"	"0.0	"	"10.62	"	"10.62	"	"2	"	"	"	"	"	"608059073339	"	A5五本（每本60张）	"1593732323451	"	"	"	退款成功	"	"	"	"	2024/5/19 13:56
莱特10本超厚400张草稿纸作业练习本学生空白大学生考研验算纸张	240519-419231208963048	已发货，待收货	"7.8	"	"0.0	"	"0.0	"	"0.0	"	"0.0	"	"7.8	"	"7.8	"	"1	"	2024/5/19 17:11	"	"	"612572388478	"	10本装/每本40张（400张）	"1596114591035	"	"	"	无售后或售后取消	"777216251037819	"	申通快递	2024/5/19 12:30
莱特10本加厚16K大号学校统一学生作业本小学汉语拼音本纠错本	240519-666731866530796	已发货，待收货	"4.5	"	"0.0	"	"0.0	"	"0.0	"	"0.01	"	"4.5	"	"4.5	"	"1	"	2024/5/19 17:11	"	"	"607820221890	"	16K练习本(5本)	"1596281800006	"	"	"	无售后或售后取消	"777216251047475	"	申通快递	2024/5/19 11:00
莱特5本加厚200页B5学生笔记本办公记事本白领工作记录本子笔记本	240518-011020572453226	已收货	"5.9	"	"0.0	"	"0.0	"	"3.0	"	"0.0	"	"2.9	"	"5.9	"	"1	"	2024/5/19 17:11	2024/5/22 23:42	"608059073339	"	A5五本（每本60张）	"1593732323451	"	用户备注：确认 60张纸，正反120页可书写	无售后或售后取消	"777216251046949	"	申通快递	2024/5/18 23:22
莱特10本加厚16K大号学校统一学生作业本小学汉语拼音本纠错本	240518-439321967010796	未发货，退款成功	"8.7	"	"0.0	"	"0.0	"	"0.0	"	"0.0	"	"8.7	"	"8.7	"	"1	"	"	"	"	"	"607820221890	"	16K数学单线本(10本)	"1596347489468	"	"	"	退款成功	"	"	"	"	2024/5/18 21:44
莱特10本加厚16K大号学校统一学生作业本小学汉语拼音本纠错本	240518-557517381410796	已发货，待收货	"4.5	"	"0.0	"	"0.0	"	"0.0	"	"0.01	"	"4.5	"	"4.5	"	"1	"	2024/5/19 17:11	"	"	"607820221890	"	16K语文方格本(5本)	"1596281985848	"	"	"	无售后或售后取消	"777216251047475	"	申通快递	2024/5/18 21:43
莱特10本加厚16K大号学校统一学生作业本小学汉语拼音本纠错本	240518-519233943970796	未发货，退款成功	"8.7	"	"0.0	"	"0.0	"	"0.0	"	"0.0	"	"8.7	"	"8.7	"	"1	"	"	"	"	"	"607820221890	"	16K练习本(10本)	"1596347489470	"	"	"	退款成功	"	"	"	"	2024/5/18 21:42
莱特10本加厚16K大号学校统一学生作业本小学汉语拼音本纠错本	240518-502986207010796	已发货，待收货	"4.5	"	"0.0	"	"0.0	"	"0.0	"	"0.01	"	"4.5	"	"4.5	"	"1	"	2024/5/19 17:11	"	"	"607820221890	"	16K英语本(5本)	"1596281250228	"	"	"	无售后或售后取消	"777216251047475	"	申通快递	2024/5/18 21:41
莱特10本超厚400张草稿纸作业练习本学生空白大学生考研验算纸张	240518-428857116232333	已取消	"7.8	"	"0.0	"	"0.0	"	"0.0	"	"0.0	"	"7.8	"	"7.8	"	"1	"	"	"	"	"	"612572388478	"	10本装/每本40张（400张）	"1596114591035	"	"	"	无售后或售后取消	"	"	"	"	"	"
莱特10本学校统一语文作业本学前班写字本小学一年级算术本练字本	240518-164993472180676	已取消	"8.3	"	"0.0	"	"0.0	"	"0.0	"	"0.0	"	"8.3	"	"8.3	"	"1	"	"	"	"	"	"608456990700	"	拼音本（10本横版）	"1591039126435	"	"	"	无售后或售后取消	"	"	"	"	"	"
莱特5本加厚200页B5学生笔记本办公记事本白领工作记录本子笔记本	240517-669500096933226	未发货，退款成功	"11.8	"	"0.0	"	"1.18	"	"0.0	"	"0.0	"	"10.62	"	"10.62	"	"2	"	"	"	"	"	"608059073339	"	A5五本（每本60张）	"1593732323451	"	"	"	退款成功	"	"	"	"	2024/5/17 23:21
莱特10本加厚16K大号学校统一学生作业本小学汉语拼音本纠错本	240517-610082568400993	已收货	"8.7	"	"0.0	"	"0.87	"	"0.0	"	"0.0	"	"7.83	"	"7.83	"	"1	"	2024/5/19 17:11	2024/5/24 17:00	"607820221890	"	16K数学双线本(10本)	"1596347489467	"	"	"	无售后或售后取消	"777216251046421	"	申通快递	2024/5/17 21:56
莱特10本加厚16K大号学校统一学生作业本小学汉语拼音本纠错本	240517-051736819920993	已收货	"8.7	"	"0.0	"	"0.87	"	"0.0	"	"0.0	"	"7.83	"	"7.83	"	"1	"	2024/5/19 17:11	2024/5/24 17:00	"607820221890	"	16K田字本(10本)	"1596347489466	"	"	"	无售后或售后取消	"777216251046421	"	申通快递	2024/5/17 21:56
莱特5本装学校统一学生作业本A4数学横线练习本16K写字本练字本	240517-149112778251380	未发货，退款成功	"29.6	"	"0.0	"	"2.96	"	"0.0	"	"0.0	"	"26.64	"	"26.64	"	"4	"	"	"	"	"	"609893217695	"	16K牛皮横线本(5本)	"1593044509958	"	"	"	退款成功	"	"	"	"	2024/5/17 21:54
莱特活页记账本财务账簿收支单出纳出入库存账薄财会明细本	240517-246127029821116	已发货，待收货	"40.8	"	"0.0	"	"4.08	"	"0.0	"	"0.0	"	"36.72	"	"36.72	"	"3	"	2024/5/17 16:13	"	"	"609244903731	"	16K三栏明细分类账	"1593728670894	"	"	"	无售后或售后取消	"777215972943569	"	申通快递	2024/5/17 10:43
莱特10本学校统一语文作业本学前班写字本小学一年级算术本练字本	240516-246168952500676	已取消	"8.71	"	"0.0	"	"0.0	"	"0.0	"	"0.0	"	"8.71	"	"8.71	"	"1	"	"	"	"	"	"608456990700	"	拼音本（10本横版）	"1591039126435	"	"	"	无售后或售后取消	"	"	"	"	"	"
莱特10本装草稿纸作业草稿本演算学生空白大学生考研验算加厚纸张	240515-184072354140646	已收货	"5.0	"	"0.0	"	"0.0	"	"0.0	"	"0.0	"	"5.0	"	"5.0	"	"1	"	2024/5/16 15:43	2024/5/26 15:43	"612572388478	"	5本装/每本40张（共200张）	"1596114591034	"	"	"	无售后或售后取消	"777215909533732	"	申通快递	2024/5/15 21:14
莱特10本装草稿纸作业草稿本演算学生空白大学生考研验算加厚纸张	240514-606622205472579	已收货	"8.8	"	"0.0	"	"0.0	"	"0.0	"	"0.0	"	"8.8	"	"8.8	"	"1	"	2024/5/15 15:58	2024/5/22 21:31	"612572388478	"	10本装/每本40张（400张）	"1596114591035	"	"	"	无售后或售后取消	"777215290481301	"	申通快递	2024/5/14 19:34
莱特10本加厚16K大号学校统一学生作业本小学汉语拼音本纠错本	240514-416604567830370	已收货	"15.4	"	"0.0	"	"1.54	"	"0.0	"	"0.0	"	"13.86	"	"13.86	"	"2	"	2024/5/15 15:58	2024/5/19 17:38	"607820221890	"	32K练习本(10本)	"1596346464015	"	"	"	无售后或售后取消	"777215290481295	"	申通快递	2024/5/14 16:29
莱特10本加厚16K大号学校统一学生作业本小学汉语拼音本纠错本	240510-046913339711675	已收货	"12.3	"	"0.0	"	"0.0	"	"0.0	"	"0.0	"	"12.3	"	"12.3	"	"1	"	2024/5/11 21:44	2024/5/26 8:49	"607820221890	"	16K英语本(10本)	"1596347489464	"	"	"	无售后或售后取消	"777214434073485	"	申通快递	2024/5/10 19:45
莱特10本装草稿纸作业草稿本演算学生空白大学生考研验算加厚纸张	240509-623839865220496	已收货	"10.5	"	"0.0	"	"0.0	"	"0.0	"	"0.0	"	"10.5	"	"10.5	"	"1	"	2024/5/10 10:13	2024/5/20 10:13	"612572388478	"	10本装/每本40张（400张）	"1596114591035	"	"	"	无售后或售后取消	"777213636465394	"	申通快递	2024/5/9 20:40
莱特10本装草稿纸作业草稿本演算学生空白大学生考研验算加厚纸张	240509-402218074511367	已收货	"6.3	"	"0.0	"	"0.0	"	"0.0	"	"0.0	"	"6.3	"	"6.3	"	"1	"	2024/5/10 10:13	2024/5/25 10:13	"612572388478	"	5本装/每本40张（共200张）	"1596114591034	"	"	"	无售后或售后取消	"777213636461440	"	申通快递	2024/5/9 20:34
莱特10本装草稿纸作业草稿本演算学生空白大学生考研验算加厚纸张	240509-297334218413915	已收货	"9.0	"	"0.0	"	"0.0	"	"0.0	"	"0.0	"	"9.0	"	"9.0	"	"1	"	2024/5/10 10:13	2024/5/20 10:13	"613446095043	"	10本装/每本40张（400张）	"1596980145796	"	"	"	无售后或售后取消	"777213636460858	"	申通快递	2024/5/9 19:51
莱特10本加厚16K大号学校统一学生作业本小学汉语拼音本纠错本	240509-423525148880260	已收货	"12.3	"	"0.0	"	"0.0	"	"0.0	"	"0.0	"	"12.3	"	"12.3	"	"1	"	2024/5/10 10:13	2024/5/20 10:13	"607820221890	"	16K练习本(10本)	"1596347489470	"	"	"	无售后或售后取消	"777213636463723	"	申通快递	2024/5/9 17:22
莱特10本装草稿纸作业草稿本演算学生空白大学生考研验算加厚纸张	240509-268042249213248	已收货	"6.3	"	"0.0	"	"0.0	"	"0.0	"	"0.0	"	"6.3	"	"6.3	"	"1	"	2024/5/9 10:24	2024/5/12 18:43	"612572388478	"	5本装/每本40张（共200张）	"1596114591034	"	"	"	无售后或售后取消	"777213416778291	"	申通快递	2024/5/9 7:44
莱特10本装草稿纸作业草稿本演算学生空白大学生考研验算加厚纸张	240509-441890926183353	已收货	"6.3	"	"0.0	"	"0.0	"	"0.0	"	"0.0	"	"6.3	"	"6.3	"	"1	"	2024/5/9 10:24	2024/5/19 10:24	"612572388478	"	5本装/每本40张（共200张）	"1596114591034	"	"	"	无售后或售后取消	"777213416786809	"	申通快递	2024/5/9 5:29
莱特10本装草稿纸作业草稿本演算学生空白大学生考研验算加厚纸张	240508-070988623551931	已收货	"10.5	"	"0.0	"	"0.0	"	"0.0	"	"0.0	"	"10.5	"	"10.5	"	"1	"	2024/5/9 10:24	2024/5/19 10:24	"612572388478	"	10本装/每本40张（400张）	"1596114591035	"	"	"	无售后或售后取消	"777213416785853	"	申通快递	2024/5/8 23:36
莱特10本装草稿纸作业草稿本演算学生空白大学生考研验算加厚纸张	240508-430000054051512	已收货	"10.5	"	"0.0	"	"0.0	"	"0.0	"	"0.0	"	"10.5	"	"10.5	"	"1	"	2024/5/9 10:24	2024/5/12 9:53	"612572388478	"	10本装/每本40张（400张）	"1596114591035	"	"	"	无售后或售后取消	"777213416785919	"	申通快递	2024/5/8 22:57
莱特10本装草稿纸作业草稿本演算学生空白大学生考研验算加厚纸张	240508-188271860572818	已收货	"10.5	"	"0.0	"	"0.0	"	"0.0	"	"0.0	"	"10.5	"	"10.5	"	"1	"	2024/5/9 10:24	2024/5/19 10:24	"612572388478	"	10本装/每本40张（400张）	"1596114591035	"	"	"	无售后或售后取消	"777213416779363	"	申通快递	2024/5/8 22:53
莱特10本装草稿纸作业草稿本演算学生空白大学生考研验算加厚纸张	240508-478633030650350	已收货	"10.5	"	"0.0	"	"0.0	"	"0.0	"	"0.0	"	"10.5	"	"10.5	"	"1	"	2024/5/9 10:24	2024/5/19 10:24	"612572388478	"	10本装/每本40张（400张）	"1596114591035	"	"	"	无售后或售后取消	"777213416785439	"	申通快递	2024/5/8 22:21
莱特10本装草稿纸作业草稿本演算学生空白大学生考研验算加厚纸张	240508-045398148751866	已收货	"4.8	"	"0.0	"	"0.0	"	"0.0	"	"0.0	"	"4.8	"	"4.8	"	"1	"	2024/5/9 10:24	2024/5/19 10:24	"612572388478	"	3本装/每本40张（共120张）	"1596114591038	"	"	"	无售后或售后取消	"777213416785865	"	申通快递	2024/5/8 22:18
莱特10本装草稿纸作业草稿本演算学生空白大学生考研验算加厚纸张	240508-621218383594022	已收货	"10.5	"	"0.0	"	"0.0	"	"0.0	"	"0.0	"	"10.5	"	"10.5	"	"1	"	2024/5/9 10:24	2024/5/19 10:24	"612572388478	"	10本装/每本40张（400张）	"1596114591035	"	"	"	无售后或售后取消	"777213416778369	"	申通快递	2024/5/8 22:14
莱特10本装草稿纸作业草稿本演算学生空白大学生考研验算加厚纸张	240508-553878854563408	已收货	"6.3	"	"0.0	"	"0.0	"	"0.0	"	"0.0	"	"6.3	"	"6.3	"	"1	"	2024/5/9 10:24	2024/5/19 10:24	"612572388478	"	5本装/每本40张（共200张）	"1596114591034	"	"	"	无售后或售后取消	"777213416778333	"	申通快递	2024/5/8 20:28
5本装莱特180°平摊B5学生笔记本办公记事本加厚纸张工作记录本子	240508-185692363713721	已收货	"10.89	"	"0.0	"	"1.0	"	"6.0	"	"0.0	"	"3.89	"	"9.89	"	"1	"	2024/5/9 10:24	2024/5/19 10:24	"608059073339	"	A5五本（每本40张）	"1593732323450	"	"	"	无售后或售后取消	"777213416778394	"	申通快递	2024/5/8 20:00
莱特10本装草稿纸作业草稿本演算学生空白大学生考研验算加厚纸张	240508-045618327280511	已收货	"6.3	"	"0.0	"	"0.0	"	"0.0	"	"0.0	"	"6.3	"	"6.3	"	"1	"	2024/5/9 10:24	2024/5/19 10:24	"612572388478	"	5本装/每本40张（共200张）	"1596114591034	"	"	"	无售后或售后取消	"777213415319791	"	申通快递	2024/5/8 19:39
